time,open,high,low,close,Volume
2018-11-26,10573.1,10650,10492.4,10639.2,13466400
2018-11-27,10610.9,10695,10585,10684.85,15477600
2018-11-28,10699.95,10747.2,10699.95,10717.9,12441000
2018-11-29,10786.05,10882.9,10777.1,10858.7,13469550
2018-11-30,10927,10949.75,10855,10900.65,9104400
2018-12-03,10961.15,10974,10871.3,10924,7891350
2018-12-04,10917.75,10929.95,10872,10907.75,6372900
2018-12-05,10850.35,10868,10786.75,10827.65,8454375
2018-12-06,10750.15,10754.4,10611.7,10626.3,11269950
2018-12-07,10665.25,10747.95,10637.1,10735.15,9534075
2018-12-10,10582.25,10597.7,10500.05,10514.7,9253500
2018-12-11,10355,10607,10352.1,10581.1,18747000
2018-12-12,10610,10798.9,10588.5,10783.65,11437125
2018-12-13,10834.25,10882.2,10777.3,10824.95,10282650
2018-12-14,10806.95,10837,10771.3,10820.3,7907700
2018-12-17,10855.15,10924,10855.15,10910.5,6877875
2018-12-18,10862,10940,10835.2,10935.05,8081550
2018-12-19,10959.95,11006.25,10946.45,10986.5,7082025
2018-12-20,10905.5,10991,10891.3,10978.2,9871050
2018-12-21,10960,10981.65,10755,10767.5,14751000
2018-12-24,10758.55,10789.95,10660.25,10681.9,14253675
2018-12-26,10637.65,10760.65,10536.4,10748.5,20100375
2018-12-27,10801,10834.4,10763.75,10779.8,13530300
2018-12-28,10850.05,10946,10850,10907.75,8329500
2018-12-31,10960,10984.8,10902,10916.85,6865800
2019-01-01,10909.95,10967.5,10843.2,10960.55,6623250
2019-01-02,10911.55,10938,10757,10830.85,14414250
2019-01-03,10833.95,10859.95,10710.05,10718.5,11212275
2019-01-04,10739.95,10793.45,10678,10777.6,12783300
2019-01-07,10861,10895.05,10778,10803.45,10332150
2019-01-08,10790,10872.75,10758,10844.65,9670800
2019-01-09,10892.6,10904,10764.95,10877.7,12229425
2019-01-10,10873,10898.2,10830,10857.75,7168200
2019-01-11,10873.95,10886.75,10772.55,10827.6,9336150
2019-01-14,10812.95,10820,10720.6,10769.8,7549425
2019-01-15,10805.15,10940,10792.35,10928.4,11020800
2019-01-16,10930,10963,10907.2,10921.65,7800675
2019-01-17,10942.95,10958.4,10855,10925.85,8943975
2019-01-18,10960,10964,10875,10927.15,8007150
2019-01-21,10930.05,11003.45,10902.15,10969.7,8265600
2019-01-22,10950,10954,10880,10936.2,7684725
2019-01-23,10921.35,10962,10835,10854.9,7899675
2019-01-24,10855.05,10885,10811.4,10868.6,8155875
2019-01-25,10899.95,10955,10761.65,10785.95,12107925
2019-01-28,10784.9,10821.85,10642.65,10676.8,11346225
2019-01-29,10679.05,10706,10597.7,10668.05,12251775
2019-01-30,10709,10714,10606,10642.9,13028100
2019-01-31,10688.95,10844.15,10676.1,10830.95,13787400
2019-02-01,10870,11023.2,10835.1,10914.05,18804600
2019-02-04,10887,10954,10830.05,10937.5,8123100
2019-02-05,10938,10970.05,10911,10951.7,6969450
2019-02-06,10986.65,11100,10986.35,11090.3,10922325
2019-02-07,11080.05,11142.85,11060.2,11093.8,9125700
2019-02-08,11049.95,11065,10935,10957.25,11291850
2019-02-11,10920,10945.9,10870.1,10909.6,7910550
2019-02-12,10914,10931.6,10850.15,10860.45,8108625
2019-02-13,10886.35,10905,10802.25,10823.4,8082075
2019-02-14,10801.2,10812.4,10741.3,10779.8,10716150
2019-02-15,10819.9,10819.9,10641,10746.55,14276625
2019-02-18,10809.9,10809.9,10653.3,10662.25,8350725
2019-02-19,10651.55,10756.6,10602,10617.15,10178925
2019-02-20,10660.25,10770,10649.95,10751.85,10610100
2019-02-21,10749.95,10833,10736.6,10804.45,8573925
2019-02-22,10790,10823.9,10772.5,10808.8,6114225
2019-02-25,10825.3,10896.9,10802.3,10887.05,8767800
2019-02-26,10794,10893.1,10725.15,10827.8,16242300
2019-02-27,10855.25,10942.25,10746,10809.45,16621275
2019-02-28,10863,10863,10786.75,10792.5,9897675
2019-03-01,10897.7,10929.45,10870.6,10917.05,6961200
2019-03-05,10859.9,11040,10843.05,11032.7,9824925
2019-03-06,11053.95,11094.5,11033.05,11086.8,8723775
2019-03-07,11114.9,11129.7,11064,11098.2,7695975
2019-03-08,11067.75,11083.85,11033.2,11076.05,7425150
2019-03-11,11073.9,11213.55,11065.3,11202.15,8544900
2019-03-12,11256.05,11352.55,11252.6,11336.85,11600025
2019-03-13,11202,11388.8,11101.05,11366.65,9460725
2019-03-14,11367.15,11399,11333.75,11381.75,7559250
2019-03-15,11390,11532.5,11390,11470.45,12421125
2019-03-18,11505.25,11554.35,11436,11494.5,10305600
2019-03-19,11525.05,11581,11475,11570.75,7844625
2019-03-20,11570.05,11580,11533.6,11553.2,7760250
2019-03-22,11569.95,11595.75,11451,11472.4,12413250
2019-03-25,11419.9,11419.9,11337.7,11370.05,10621875
2019-03-26,11370,11523.8,11363.25,11510.7,11886525
2019-03-27,11521.05,11573.7,11421.05,11458.1,12505125
2019-03-28,11458.65,11578,11448.9,11570,11008500
2019-03-29,11689,11718.5,11641,11679.9,7587900
2019-04-01,11719.2,11822.75,11708.25,11748.4,9260850
2019-04-02,11763.95,11794.7,11712.2,11779.5,7221525
2019-04-03,11788.3,11834.15,11715,11729.65,8336250
2019-04-04,11729.95,11754,11641.45,11679.55,8686500
2019-04-05,11700,11783.15,11680.05,11760.75,7241400
2019-04-08,11760.75,11780.05,11622.25,11674.9,9200325
2019-04-09,11707.75,11750.05,11632,11742.3,8093925
2019-04-10,11720,11744,11642.55,11652.9,7951950
2019-04-11,11648.55,11677.85,11605.2,11668.9,6378375
2019-04-12,11645,11727,11626.05,11703.85,7155750
2019-04-15,11689.95,11739.7,11682.7,11727.75,5097000
2019-04-16,11758.25,11847.1,11758.25,11824.45,7421100
2019-04-18,11859,11859,11752.05,11771.1,7985400
2019-04-22,11716.3,11749.9,11609.2,11618.9,9545850
2019-04-23,11631.15,11664.6,11573.5,11586.4,9595425
2019-04-24,11602.3,11756,11579.05,11738.25,10989825
2019-04-25,11713.75,11797.85,11630.55,11641.8,15225075
2019-04-26,11769.95,11827.9,11725,11813.5,7881975
2019-04-30,11805,11838.5,11712.05,11791.55,8004375
2019-05-02,11751.1,11834.4,11735,11765.4,8520375
2019-05-03,11735,11824.45,11734.95,11764.3,5892075
2019-05-06,11671.1,11695,11626.85,11656.35,7108050
2019-05-07,11685,11692,11531.35,11541.9,8315625
2019-05-08,11509.9,11519.95,11403.4,11418.6,10261425
2019-05-09,11378.5,11397.4,11291.1,11334.8,10844175
2019-05-10,11329,11376,11283.7,11307.2,10900725
2019-05-13,11270.1,11328,11153.65,11181.55,9217125
2019-05-14,11170.1,11338.1,11138,11241.65,13550325
2019-05-15,11275.6,11300,11157,11177.45,10842075
2019-05-16,11189.95,11309.9,11152.25,11285.25,10581600
2019-05-17,11284.95,11447.7,11267.05,11425.8,12081750
2019-05-20,11651.1,11877.3,11601.1,11859.45,15890550
2019-05-21,11885,11895,11687.5,11715.15,12295950
2019-05-22,11740.2,11833.25,11710,11781.65,10809225
2019-05-23,11888,12070,11640.15,11692.4,26888775
2019-05-24,11765.1,11890,11678.1,11869.4,13574925
2019-05-27,11858.9,11960,11833.15,11918.5,10854450
2019-05-28,11959,11965,11856.5,11940.75,12031350
2019-05-29,11916.7,11934.95,11836.3,11862.25,11196600
2019-05-30,11865,11964.9,11856.9,11945.9,12630975
2019-05-31,12001,12047,11828.65,11916.5,14494425
2019-06-03,11941.65,12118,11915.05,12104.45,12003750
2019-06-04,12081.15,12111.8,12036,12056.15,8214450
2019-06-06,12044.7,12059,11866.25,11884.05,12688200
2019-06-07,11880.2,11933,11801.2,11900.75,10014450
2019-06-10,11950.05,11994,11875.15,11933.8,8278950
2019-06-11,11975,12022.85,11917,11976.95,7887525
2019-06-12,11960.05,11965.9,11877.35,11916.7,8028825
2019-06-13,11885.35,11950,11836.25,11928.3,8679825
2019-06-14,11900.05,11916.55,11811.6,11838.05,8105700
2019-06-17,11824.95,11830,11685,11697.55,8193675
2019-06-18,11701,11752,11657.1,11700.5,10023150
2019-06-19,11748.65,11815,11630.3,11708.6,12791250
2019-06-20,11670,11863.35,11668.05,11849.45,11960925
2019-06-21,11839.05,11842.6,11726.4,11753.45,9149475
2019-06-24,11730.2,11782,11681,11717.15,8243025
2019-06-25,11684.05,11834,11666.6,11810.3,11709450
2019-06-26,11774.9,11890,11767.1,11864.4,11058300
2019-06-27,11876.75,11914.7,11827,11841.55,12862275
2019-06-28,11907.7,11916,11828,11841.5,7850925
2019-07-01,11888.05,11924.95,11863.55,11903.65,6305175
2019-07-02,11910.4,11948,11840.2,11942.35,8002875
2019-07-03,11953,11976,11927.5,11949.2,5884950
2019-07-04,11947.15,11999,11942.65,11979.65,5934450
2019-07-05,11993.95,11998.95,11808,11820.95,13880100
2019-07-08,11769.9,11770,11527.35,11566.3,14921025
2019-07-09,11543.35,11594.1,11486.55,11552.6,12033450
2019-07-10,11549.5,11593,11467.55,11492.25,8766450
2019-07-11,11550.25,11606,11528.15,11582.05,7752675
2019-07-12,11580,11642.45,11530,11544.35,8720175
2019-07-15,11583.95,11599.9,11515,11579.2,6509325
2019-07-16,11585.25,11672.15,11570.1,11657.85,8115075
2019-07-17,11648.3,11693.55,11643.2,11675.8,5520075
2019-07-18,11642.1,11665.3,11590.1,11604.35,7645125
2019-07-19,11635.05,11643.45,11402,11421.85,12014850
2019-07-22,11407.75,11407.75,11311.55,11360.25,11724225
2019-07-23,11368.95,11406.4,11305.65,11333.8,11471475
2019-07-24,11319.95,11355.9,11226.9,11277.8,12457350
2019-07-25,11290.05,11354.85,11230.05,11252.15,14817975
2019-07-26,11300.15,11345,11247.15,11327,8733075
2019-07-29,11310,11325,11175.25,11215.05,9578025
2019-07-30,11250,11289.95,11080,11095.2,12528450
2019-07-31,11058.55,11165,11031.5,11132.2,13691850
2019-08-01,11098.4,11098.4,10901.1,11015.35,14991075
2019-08-02,10940,11125.4,10886.05,11024.05,17493375
2019-08-05,10835.5,11054,10831.2,10896.8,14069850
2019-08-06,10835.5,11054,10831.2,10978.65,14069850
2019-08-07,10950,10993.95,10862.1,10874.25,13122750
2019-08-08,10896.9,11088,10866.55,11063.95,13981725
2019-08-09,11108,11186.8,11068.25,11122.95,12051000
2019-08-13,11129,11145.05,10910,10925.15,12002850
2019-08-14,10999.1,11099.95,10935.65,11028.15,12967350
2019-08-16,10960,11094,10926.05,11064.65,12568425
2019-08-19,11082.9,11151.65,11032,11058.1,10606500
2019-08-20,11059.9,11083.5,10977.5,11028.1,11645625
2019-08-21,11013.5,11039.75,10901.6,10932.65,10426800
2019-08-22,10910.4,10917.85,10708.8,10732.1,13472250
2019-08-23,10706.9,10879.9,10646.75,10842.7,16065300
2019-08-26,10948.4,11072.35,10745,11054.2,21297000
2019-08-27,11090,11132.95,11034,11103.9,14294475
2019-08-28,11102.7,11132,10983.25,11049.25,14328300
2019-08-29,10805.55,11019,10805.55,10948.3,19528350
2019-08-30,11006.9,11077,10890,11058.9,16784175
2019-09-03,10936.9,10970,10813.45,10836.4,13984575
2019-09-04,10829,10904.75,10785.15,10886.3,14687550
2019-09-05,10881.4,10960.1,10843.3,10881.6,12980850
2019-09-06,10900,10984,10900,10973.65,10194225
2019-09-09,10949.4,11058,10915.95,11025.25,9989025
2019-09-11,11026.9,11088.45,11026.85,11060.8,7921650
2019-09-12,11077.15,11098.85,10982,10996.45,11037375
2019-09-13,10990,11118,10962.15,11105.55,11055300
2019-09-16,11006.4,11078.9,10982.4,11017.2,12034875
2019-09-17,10991.95,11005.85,10807.85,10833.5,14511150
2019-09-18,10889.85,10899.95,10826.1,10855.45,11133150
2019-09-19,10831.9,10841.9,10678.6,10711.3,11934300
2019-09-20,10737.7,11405.9,10705,11295.5,37042650
2019-09-23,11499.9,11682.4,11441,11607.3,20562300
2019-09-24,11632.65,11660,11557.6,11613.85,14901225
2019-09-25,11596.45,11596.45,11442.4,11469.1,15669675
2019-09-26,11504.65,11631.55,11487.35,11571.2,15561150
2019-09-27,11599,11646.4,11565.75,11579.5,9343050
2019-09-30,11549,11579.5,11445,11534.6,11744175
2019-10-01,11564,11607.5,11310.2,11429.85,18586200
2019-10-03,11353.4,11418,11312.3,11361.8,10752750
2019-10-04,11419.8,11430,11201.05,11215.15,14419575
2019-10-07,11224.85,11262,11148,11162,9684750
2019-10-09,11137.4,11363.25,11113.75,11347.7,13380375
2019-10-10,11276.9,11313.95,11215,11254.25,10137000
2019-10-11,11289.65,11385,11185.85,11311.7,14768925
2019-10-14,11331,11433.95,11293.15,11336.3,11354250
2019-10-15,11365.2,11473.45,11350,11439.4,10243275
2019-10-16,11458.4,11484.9,11420.1,11475.55,8706825
2019-10-17,11480.45,11619,11458,11600.65,10833900
2019-10-18,11569.2,11695.65,11551.05,11670,8893650
2019-10-22,11647.55,11715,11604.25,11624.35,10770150
2019-10-23,11610.25,11684.4,11575,11624.7,9247275
2019-10-24,11669.65,11689,11557.25,11611.15,10368900
2019-10-25,11616.4,11675,11502.6,11625,12242400
2019-10-29,11670.65,11823.9,11637.05,11795.45,13451475
2019-10-30,11852.3,11877.6,11785.25,11840.2,13255050
2019-10-31,11880.05,11947.4,11858.25,11877.45,11665350
2019-11-01,11925,11944.9,11878,11928.25,7261425
2019-11-04,11959.95,12012.8,11936.15,11979.7,7872600
2019-11-05,11980.2,11996.75,11901,11956,7444275
2019-11-06,11941,12049.9,11885.1,12008.05,10391400
2019-11-07,12029.05,12058,11972.3,12047.95,8476500
2019-11-08,12002.9,12069,11933.35,11945.35,11990250
2019-11-11,11908.4,11968.35,11866,11943.7,7902300
2019-11-13,11919.95,11956.75,11846.65,11863.25,8544375
2019-11-14,11875.2,11924.4,11825.45,11899.65,9548625
2019-11-15,11913,12008.65,11913,11942.6,9676725
2019-11-18,11935.45,11958,11890.15,11920.9,6377475
2019-11-19,11918,11988.35,11901.5,11969.15,7669050
2019-11-20,11979.4,12066,11972.65,12018.15,8855100
2019-11-21,12007.35,12030.05,11962.2,11974.55,6679725
2019-11-22,11973.6,11977.4,11884.1,11914.5,8276625
2019-11-25,11928.2,12107,11917.6,12096.3,11684325
2019-11-26,12121.05,12137.6,12017.65,12075.2,11317800
2019-11-27,12098.55,12124.95,12072.9,12108.55,9303225
2019-11-28,12119.85,12157.9,12096.25,12151.15,8061525
2019-11-29,12174.85,12174.9,12051,12099.85,8799675
2019-12-02,12133.85,12137.95,12052.15,12091.45,6627975
2019-12-03,12097,12097,11991.15,12046.45,7561500
2019-12-04,12009.9,12098,11977.2,12089.8,10118325
2019-12-05,12082.4,12116,12026.85,12047.7,9061575
2019-12-06,12065.2,12082,11931,11955.7,9687375
2019-12-09,11855.3,12011.8,11855.3,11966.7,7347750
2019-12-10,11972.2,11976.1,11884.35,11898.2,7298700
2019-12-11,11907.95,11953.9,11872.3,11938.15,7230900
2019-12-12,11998.95,12054.95,11966.3,12028.65,7947525
2019-12-13,12060.35,12152,12054.95,12142.35,8120775
2019-12-16,12152.15,12152.15,12073.9,12082.55,6237825
2019-12-17,12099.7,12200,12094,12187.15,7405350
2019-12-18,12208,12253.1,12171.65,12243.15,7019550
2019-12-19,12228.4,12276.95,12207.6,12268.95,7018725
2019-12-20,12270.2,12298.95,12255.5,12290,5990550
2019-12-23,12265.35,12291.65,12226.1,12276.45,7347375
2019-12-24,12259.95,12314.9,12228,12238.45,7669650
2019-12-26,12120,12229.9,12120,12126.55,8266800
2019-12-27,12228.7,12330,12209,12319.25,7724625
2019-12-30,12326.75,12348,12276,12329.3,5546625
2019-12-31,12296.4,12312.6,12230.15,12246.25,7188150
2020-01-01,12253.95,12269.6,12226.05,12243.8,4079925
2020-01-02,12252.1,12344.5,12245.5,12339.3,6982950
2020-01-03,12294.4,12304.4,12222.95,12256.45,9707775
2020-01-06,12201.9,12217.85,12025,12043.7,11705850
2020-01-07,12128.65,12181.85,12049.1,12106.7,12303825
2020-01-08,11996.9,12090.5,11976.6,12063.5,11499300
2020-01-09,12181.15,12279.3,12168.25,12269.75,11163900
2020-01-10,12294.65,12357,12255.2,12290,8778900
2020-01-13,12330.7,12369.6,12323,12362.15,5606625
2020-01-14,12359.9,12412.5,12331.2,12397,6534525
2020-01-15,12363.4,12391.95,12319.05,12378.05,6392325
2020-01-16,12359.4,12409.4,12339.2,12374.35,6287250
2020-01-17,12345,12407.5,12335,12384.65,6000675
2020-01-20,12413.4,12419.2,12252,12263.15,9505500
2020-01-21,12212.9,12244,12181.25,12203.1,7256250
2020-01-22,12245.65,12249.75,12110,12145.25,8519625
2020-01-23,12138.85,12220,12110.15,12201,8183925
2020-01-24,12204.75,12292.7,12157,12271.6,8184525
2020-01-27,12168.85,12209.6,12117.5,12125.7,9734250
2020-01-28,12124.9,12162.45,12038,12068,9964200
2020-01-29,12114.4,12182.45,12095.6,12121.55,10762125
2020-01-30,12115.6,12117.9,12006.3,12035.8,9898650
2020-01-31,12103.4,12124,11973,11994.3,14182650
2020-02-01,11948.9,12020.2,11625.05,11654.9,22963350
2020-02-03,11598,11747,11598,11703.15,13749975
2020-02-04,11761,11975,11750.25,11964.25,15152250
2020-02-05,11963.35,12104,11942,12086.3,10580850
2020-02-06,12096.9,12167,12087.2,12136.35,10204425
2020-02-07,12132.35,12132.4,12068,12095.9,6639975
2020-02-10,12081.65,12088.9,11985,12040.05,7572750
2020-02-11,12105.65,12185,12095.2,12126.85,8005500
2020-02-12,12169.75,12247.7,12157.7,12228.45,7515675
2020-02-13,12219.9,12219.9,12145.5,12174.6,6832650
2020-02-14,12198.9,12260.4,12101,12129.65,10018125
2020-02-17,12140.65,12158.6,12052.35,12074.45,7133175
2020-02-18,12025.4,12047,11923.3,12006.1,9682875
2020-02-19,12110,12150.55,12047.65,12142.7,10001325
2020-02-20,12102.9,12163,12065,12079,8082375
2020-02-24,11950.65,11969.75,11814.05,11827.55,13687275
2020-02-25,11878.65,11888.7,11791,11816.55,12076875
2020-02-26,11739.65,11787.7,11635.3,11695.65,12793425
2020-02-27,11665.35,11665.6,11540.15,11633.3,10882875
2020-02-28,11380,11400.05,11116.65,11149.15,22016850
2020-03-02,11283,11418,11023.95,11123.7,20818950
2020-03-03,11179.9,11326.75,11120.1,11294.75,22545825
2020-03-04,11298.4,11337.9,11061.2,11247.1,18595725
2020-03-05,11294.65,11382,11230.5,11255.35,16505625
2020-03-06,10906.95,10998.9,10830.1,10939.9,20344650
2020-03-09,10634.4,10689.95,10266,10462.35,28877250
2020-03-11,10382.85,10512.95,10335.35,10450.75,21235950
2020-03-12,9941.4,10034.9,9412.85,9546.6,38097600
2020-03-13,8939.85,10129.75,8299,9897.7,51619575
2020-03-16,9514.4,9570.15,9055,9118.45,29378550
2020-03-17,9224.95,9357.8,8851.3,8915.6,29701575
2020-03-18,9040.7,9070.9,8380.05,8433.7,28517250
2020-03-19,8111.05,8531,7816.45,8205.9,41335650
2020-03-20,8234.9,8854.6,8130.1,8723.1,39333600
2020-03-23,7850.8,8189,7551,7581.55,22163925
2020-03-24,7879.15,8008.3,7526,7849.9,28203375
2020-03-25,7741.9,8423.5,7681.35,8362.2,19053450
2020-03-26,8389.75,8750.05,8293.5,8641.45,22878300
2020-03-27,8938.65,9044.25,8525,8651.4,25581150
2020-03-30,8440,8640,8248.65,8290.15,20971200
2020-03-31,8499.5,8715,8357,8620.95,21892725
2020-04-01,8558,8569,8181,8257.3,19418925
2020-04-03,8259.7,8330,8045,8084.5,19189200
2020-04-07,8450.85,8892.95,8372,8875.85,25133025
2020-04-08,8748,9144.7,8685.75,8750.55,29899725
2020-04-09,8910,9111.6,8891,9086.7,22885650
2020-04-13,9010,9106.6,8903,9011.1,17928975
2020-04-15,9189.95,9282.35,8846.7,8930.3,23350350
2020-04-16,8947.75,9089,8835.15,9035.45,21076575
2020-04-17,9345,9350,9105,9311.3,22500375
2020-04-20,9332.05,9384.75,9215,9260.5,18760950
2020-04-21,9031.05,9066.9,8909.4,8971.6,17885025
2020-04-22,9001,9219.9,8933.25,9188.3,19488000
2020-04-23,9200,9327.8,9158.45,9296.75,15549150
2020-04-24,9165,9260,9115,9138.25,16842900
2020-04-27,9230.55,9373.75,9230.55,9295.15,16530075
2020-04-28,9379,9421,9257.15,9397.75,14662875
2020-04-29,9425,9595.2,9399.5,9549.15,11788650
2020-04-30,9705.35,9877.95,9693.65,9859.9,14435100
2020-05-04,9418.5,9477.5,9245.3,9285.9,18185625
2020-05-05,9411,9420,9190.05,9208.6,18411975
2020-05-06,9214.95,9373,9125,9280.7,23506575
2020-05-07,9157.4,9264.4,9152.85,9204.25,16559775
2020-05-08,9348.9,9369,9215,9236.65,13182075
2020-05-11,9335.85,9442.7,9202.1,9225.15,16216800
2020-05-12,9138,9264.45,9037.35,9212.35,19316250
2020-05-13,9530.9,9557,9356.6,9393.55,19148250
2020-05-14,9242.4,9282.55,9110,9143.9,17587575
2020-05-15,9163.95,9180,9051,9137.1,15799800
2020-05-18,9108,9138.7,8811.05,8825.85,21517200
2020-05-19,8971,9034.8,8852.6,8884.1,22460925
2020-05-20,8903.15,9097.7,8879,9066.65,18825225
2020-05-21,9068.9,9169.7,9046.15,9075.1,15261000
2020-05-22,9001.4,9123.6,8940,9027.8,17971950
2020-05-26,9122.65,9162.55,8976.3,9034,15773775
2020-05-27,9078.95,9341.1,8988,9309.4,20426175
2020-05-28,9328.3,9495,9319.5,9490.1,14481750
2020-05-29,9398.7,9509,9361.05,9494.1,17320650
2020-06-01,9660.15,9911.65,9640.5,9791,18472200
2020-06-02,9830.85,9987.9,9780,9962.95,16409400
2020-06-03,10080.85,10193.15,10036.6,10071.8,16934625
2020-06-04,10060.2,10110,9932.3,10017.65,17513250
2020-06-05,10066.65,10184,10040,10145.5,15485025
2020-06-08,10293.9,10318.7,10113,10165.35,14659125
2020-06-09,10192.15,10295,10006.25,10034,16868475
2020-06-10,10076.55,10153.75,10037.45,10118.7,15955875
2020-06-11,10061.9,10099,9876.3,9894.55,17675850
2020-06-12,9599.4,9982.15,9581.95,9955.35,24424800
2020-06-15,9875.9,9904.95,9682.25,9813.75,20905200
2020-06-16,10018.15,10044.7,9703.9,9897.85,24786000
2020-06-17,9867.65,9988.95,9810.05,9854.55,18372825
2020-06-18,9845.65,10103.9,9825,10071.9,18165825
2020-06-19,10057.4,10252,10051,10235.55,17610225
2020-06-22,10248,10374.75,10236,10288.2,14946000
2020-06-23,10328.05,10480,10282.1,10467.7,14490600
2020-06-24,10499.3,10536.1,10274.25,10295.65,19117200
2020-06-25,10196,10362.75,10181,10290.4,18665025
2020-06-26,10297.65,10348.7,10235.25,10318,17242050
2020-06-29,10241.9,10282.3,10156.3,10255.8,16433925
2020-06-30,10315,10343.9,10185.2,10240.25,15373200
2020-07-01,10266.35,10430.55,10244.1,10408.3,16743825
2020-07-02,10451.05,10581.65,10440,10539.7,14911050
2020-07-03,10597.65,10605.7,10533,10572.45,11555400
2020-07-06,10700.65,10785,10661.05,10754.85,12943425
2020-07-07,10761.9,10784.7,10657.7,10766.65,14395425
2020-07-08,10799.65,10828.7,10675,10696.3,15348450
2020-07-09,10725.95,10844.95,10712.8,10823.55,12956100
2020-07-10,10772.4,10805,10696.45,10766.65,14715525
2020-07-13,10834.7,10879.4,10749.05,10807.55,12624825
2020-07-14,10752.9,10763.95,10553,10613.85,16891875
2020-07-15,10682,10823,10591,10628.25,17982450
2020-07-16,10652.9,10738,10580.9,10713.85,14319150
2020-07-17,10751.3,10935.95,10736,10905.05,13903425
2020-07-20,10955,11022.65,10921,11008.6,11748675
2020-07-21,11122.65,11184.9,11097.1,11170.55,11064300
2020-07-22,11186.7,11203.2,10805.2,11110.55,12947925
2020-07-23,11121.35,11228,11097.3,11207.55,9931125
2020-07-24,11093.9,11198.95,11062,11170.25,13613475
2020-07-27,11201.65,11225,11070.1,11122.45,12215100
2020-07-28,11134.7,11323,11128.55,11306.15,14025675
2020-07-29,11291.7,11343.4,11170,11222.45,15538350
2020-07-30,11253.65,11290.95,11078.2,11102.15,12197025
2020-07-31,11123.65,11150,11025,11095.85,13826325
2020-08-03,10993.7,11029,10883.4,10913.4,13782075
2020-08-04,10940,11114.25,10912.35,11102.05,14372025
2020-08-05,11131.9,11226.05,11063.35,11118,14209575
2020-08-06,11140.65,11277.25,11120.1,11199.5,14084400
2020-08-07,11161.9,11250,11142,11226.2,10271175
2020-08-10,11274.95,11334.75,11242.05,11293.35,9413700
2020-08-11,11349.65,11376.75,11302.4,11344.35,9912450
2020-08-12,11237.4,11337.85,11231,11317.8,9826350
2020-08-13,11338.2,11366.7,11266.85,11317.35,8723100
2020-08-14,11341.95,11397.7,11111,11186.7,14797650
2020-08-17,11272.65,11282,11155.35,11268.2,11090625
2020-08-18,11276.9,11417.45,11261.8,11398.55,10917600
2020-08-19,11436.65,11466.4,11404.4,11420.8,7672725
2020-08-20,11298,11360,11260,11305.4,11414475
2020-08-21,11394.65,11430.25,11361,11377.2,7894125
2020-08-24,11410.05,11516.6,11410,11474.15,8274150
2020-08-25,11513.95,11519.45,11416.55,11471.65,10057050
2020-08-26,11480.8,11557.6,11456.1,11548.2,9390000
2020-08-27,11590.1,11608.1,11547,11559.25,8248650
2020-08-28,11633.6,11698,11602,11675.25,11395950
2020-08-31,11764.9,11794.45,11350.5,11401.95,23556750
2020-09-01,11449.65,11589.7,11373,11510.95,16108725
2020-09-02,11480.4,11576,11445.4,11561.5,10218000
2020-09-03,11578.95,11594.7,11511,11542.8,9292275
2020-09-04,11383.35,11473.3,11309.8,11351.75,14508150
2020-09-07,11351.1,11393.25,11266,11365.9,11002575
2020-09-08,11348,11447.25,11301,11319.85,12301575
2020-09-09,11245,11324,11202,11306.9,13067625
2020-09-10,11341.15,11468,11331.35,11455.35,14155200
2020-09-11,11430.4,11487.4,11415.25,11467.1,9980250
2020-09-14,11518.55,11568.95,11395,11451.95,11396325
2020-09-15,11472.95,11542.25,11451.9,11527.4,9637800
2020-09-16,11518.9,11626.9,11511.05,11616.4,8589975
2020-09-17,11521,11578,11483.05,11522.4,10666725
2020-09-18,11575.6,11599,11455.5,11515.25,12753975
2020-09-21,11491.05,11527,11225.45,11256.1,15068025
2020-09-22,11282.3,11291.85,11103,11162.05,17122575
2020-09-23,11237.9,11245,11028.3,11147.65,14115450
2020-09-24,11012.9,11020,10800,10805.55,13005375
2020-09-25,10906.65,11077.45,10857.35,11042.2,16284300
2020-09-28,11123.9,11249,11090,11238,11887350
2020-09-29,11272,11298,11186,11234.7,13512450
2020-09-30,11249.95,11294.8,11195,11256.85,11087175
2020-10-01,11356.7,11447,11344.35,11435.55,10397400
2020-10-05,11460.05,11587.9,11450.15,11517.65,10389675
2020-10-06,11582.3,11683.75,11566.25,11669.65,10437450
2020-10-07,11676.15,11779,11638.3,11750.9,11250000
2020-10-08,11823.2,11914.5,11795,11831.8,11763900
2020-10-09,11864.6,11949.95,11815.8,11929.8,10774950
2020-10-12,11950,12014.3,11867.5,11938.35,10426500
2020-10-13,11921.65,11988.8,11884.4,11946.1,8482725
2020-10-14,11902.7,12003,11817.15,11982.25,12041700
2020-10-15,11983.9,11999.35,11663.2,11685.55,16888725
2020-10-16,11721.15,11798,11673.25,11765.15,11923275
2020-10-19,11850.25,11898.9,11818.5,11889.4,8855625
2020-10-20,11855.4,11945,11831.05,11895.9,9290175
2020-10-21,11951.25,12016.8,11766.75,11927.45,16178550
2020-10-22,11889.4,11935,11827.6,11898.65,11231250
2020-10-23,11934,11979.85,11907.75,11934.35,7686900
2020-10-26,11933.05,11950.35,11712,11778.4,12008700
2020-10-27,11810.9,11893.7,11723,11879.05,11183475
2020-10-28,11881.4,11917.6,11675.1,11721.5,14846550
2020-10-29,11630,11741.6,11597,11670.8,12321375
2020-10-30,11649.95,11746,11514.75,11638.4,15960450
2020-11-02,11683.15,11734.95,11560.1,11681.55,12421200
2020-11-03,11749.65,11844,11731.2,11824.95,11106900
2020-11-04,11823.65,11945.05,11744,11922.85,16002675
2020-11-05,12089.65,12155.9,12031.35,12143.3,12360525
2020-11-06,12159.9,12279,12135.7,12261.45,11699175
2020-11-09,12393.65,12484.7,12376.65,12467.25,10407750
2020-11-10,12582.65,12667.55,12482.6,12659.1,15317475
2020-11-11,12692,12774.75,12577.75,12755.05,16030125
2020-11-12,12710.05,12748.85,12638,12706,10406550
2020-11-13,12625.1,12765.4,12612.1,12753.4,9840300
2020-11-14,12805,12808,12760,12788.9,1876575
2020-11-17,12897.7,12906.8,12801,12881.85,8662125
2020-11-18,12863.65,12965.8,12833,12957.25,9019725
2020-11-19,12857.7,12976.25,12753,12793.5,13082775
2020-11-20,12795.05,12909.5,12744.5,12871.3,12147300
2020-11-23,12935.95,12978.4,12825,12934.35,10050975
2020-11-24,12977.2,13081.6,12964.8,13062.45,10065900
2020-11-25,13130.15,13137.75,12844.25,12859.15,18187350
2020-11-26,12920.65,12998,12785.7,12987,12217875
2020-11-27,13043,13094,12966,13017.4,11974125
2020-12-01,13031,13168.35,12992.85,13143.4,8777400
2020-12-02,13144.4,13177,13017.95,13162.45,10920525
2020-12-03,13210.2,13228.4,13153.05,13191.85,7593000
2020-12-04,13220.2,13326.6,13202.35,13311.6,9011175
2020-12-07,13268.2,13398,13265.7,13387.6,7295100
2020-12-08,13401.05,13469,13352.05,13428.15,9282450
2020-12-09,13457.7,13588,13456.15,13567.7,8788875
2020-12-10,13504.2,13544,13425,13524.35,9037125
2020-12-11,13530.1,13599,13414.45,13518.35,10869450
2020-12-14,13550,13612.95,13490,13571.6,7440975
2020-12-15,13530.05,13602.8,13454.2,13584.95,8456550
2020-12-16,13652,13712.1,13619.8,13699.45,7997175
2020-12-17,13710.15,13794.75,13686.9,13754.4,6961125
2020-12-18,13759.9,13799.1,13681,13774.05,9063225
2020-12-21,13732.15,13784.75,13155.55,13329.75,20159850
2020-12-22,13339.9,13508,13222.35,13487.5,17122800
2020-12-23,13479.85,13627.5,13448,13612.45,8902200
2020-12-24,13675.05,13784,13641,13763.75,9821100
2020-12-28,13845,13903.65,13802.15,13890.55,6421650
2020-12-29,13949.7,13965.45,13868,13935.05,8319450
2020-12-30,13979,13985.05,13870.95,13977.45,9891975
2020-12-31,13968.1,14026.9,13930.95,13981.75,9097350
2021-01-01,14002.1,14073.95,13997.05,14053.85,4562250
2021-01-04,14100,14179.45,13970.05,14165.3,10099575
2021-01-05,14110.2,14227.75,14077,14217.95,9784350
2021-01-06,14249.95,14252.55,14078.1,14189.45,11787075
2021-01-07,14200.1,14283,14175,14191.1,7527000
2021-01-08,14281,14379.3,14249,14370.9,10549575
2021-01-11,14453,14498.65,14400.95,14489.25,10675425
2021-01-12,14478,14624,14454.45,14599.9,8810475
2021-01-13,14653.85,14660,14476,14606.15,12772875
2021-01-14,14580,14643.75,14504.6,14628.1,8168400
2021-01-15,14605,14623.55,14375.1,14458.5,14423025
2021-01-18,14458.5,14458.95,14250,14287.25,13203750
2021-01-19,14380.5,14586.3,14364.25,14570,10990125
2021-01-20,14581,14670.45,14524.1,14645.15,8845275
2021-01-21,14711.05,14765.45,14508.3,14598.65,9916050
2021-01-22,14593,14625.9,14356,14380.15,16387650
2021-01-25,14475,14497.75,14233.6,14253.15,13885425
2021-01-27,14199,14208,13933.1,13982.55,15469275
2021-01-28,13849.95,13896.9,13706.3,13817.55,14427600
2021-01-29,13925,13984,13666.6,13709.1,17700375
2021-02-01,13785,14398.95,13696.55,14351.25,25237725
2021-02-02,14519,14767.25,14480,14696,16495575
2021-02-03,14770,14903.9,14611,14820.55,11916975
2021-02-04,14765,14938,14731,14895.35,11566575
2021-02-05,14949.95,15008,14866,14930.65,11680500
2021-02-08,15068,15167,15031,15126.5,9252450
2021-02-09,15153,15266,15062.4,15105.75,9901650
2021-02-10,15105,15170,14984,15119.55,12594825
2021-02-11,15090,15201.95,15075,15184.95,7359225
2021-02-12,15172.05,15236,15071.05,15161.45,8919750
2021-02-15,15249,15357,15240,15332.2,6946875
2021-02-16,15373.95,15430,15246.1,15330.25,9458250
2021-02-17,15279,15323.85,15165.05,15207.05,10170225
2021-02-18,15221.1,15255.3,15065.1,15116.1,9501075
2021-02-19,15062.2,15145,14900.05,14987,11890500
2021-02-22,14982,15002.85,14639.75,14672.65,12757650
2021-02-23,14755.25,14871,14662.55,14711.55,13904550
2021-02-24,14755.15,15024.05,14714.5,14993.75,9125625
2021-02-25,15078,15180.9,15050.35,15097.35,12134325
2021-02-26,14948,14949.95,14521.65,14578.45,26291100
2021-03-01,14709.95,14839.45,14658.5,14797.75,12017025
2021-03-02,14845,14989.75,14776.2,14958.15,13767900
2021-03-03,15062,15318,15034.55,15298.85,11128950
2021-03-04,15047.95,15235,14992.1,15106.25,15470700
2021-03-05,14970,15098.1,14861.85,14953.05,15064425
2021-03-08,15001.2,15140,14927.15,14969,13613325
2021-03-09,15075.2,15179.85,14953.25,15134.75,12715425
2021-03-10,15251.1,15262.15,15131.05,15209.3,8076750
2021-03-12,15362.1,15375,14961.55,15051.4,13825050
2021-03-15,15050,15068.95,14771,14968.75,12847575
2021-03-16,15008,15082.2,14915.2,14959.7,10982400
2021-03-17,14968,14981.15,14741.2,14771.3,10982925
2021-03-18,14868.25,14900.25,14506.5,14577.05,13907550
2021-03-19,14499.8,14805,14371.3,14756.45,17683725
2021-03-22,14741.05,14779.9,14600,14741.6,11359875
2021-03-23,14752.1,14900,14713.55,14832.9,14189625
2021-03-24,14733.75,14762.7,14535,14555.3,12343875
2021-03-25,14560,14560,14261.25,14324.9,13285575
2021-03-26,14555,14675,14501,14608.5,11615925
2021-03-30,14700,14949,14687,14913.55,14419725
2021-03-31,14871.05,14876,14720.7,14752.3,11266875
2021-04-01,14823.1,14975,14760.1,14953.35,11426925
2021-04-05,14890,14899.85,14490,14698.45,15680400
2021-04-06,14750.1,14849,14616,14751.45,11266725
2021-04-07,14750,14950,14701,14888,10500000
2021-04-08,14939.8,15044.7,14873.25,14924.4,9746700
2021-04-09,14901.1,14967.45,14810,14889.4,8959950
2021-04-12,14689.7,14689.7,14282,14343.25,15705675
2021-04-13,14388.5,14563,14304.1,14541.15,12723825
2021-04-15,14574,14615.5,14374.25,14592,13863300
2021-04-16,14605.65,14733.35,14582.25,14645.7,9820500
2021-04-19,14399,14408.85,14213,14374.15,14544075
2021-04-20,14502.3,14535.5,14225.55,14296.2,12127650
2021-04-22,14200,14434,14155,14403.6,12095475
2021-04-23,14335.05,14468.55,14263.55,14338.6,11384925
2021-04-26,14442.35,14552.45,14423.4,14486.2,9459975
2021-04-27,14500,14658.75,14476,14644.7,8342850
2021-04-28,14702.25,14890.8,14685,14855.3,9459000
2021-04-29,15010,15035,14812.3,14894.9,9803775
2021-04-30,14802,14890,14660.3,14690.8,12480300
2021-05-03,14541.65,14744.8,14461.9,14685.8,11067000
2021-05-04,14708.25,14765,14510.75,14549.3,11429250
2021-05-05,14625.05,14698.1,14549.3,14679.1,10363275
2021-05-06,14717.95,14788,14657.45,14769.95,9515625
2021-05-07,14835,14908,14803.1,14869.55,7417725
2021-05-10,14968.25,15023.35,14939.05,14984.65,6492600
2021-05-11,14798,14939.5,14785,14878.25,8389200
2021-05-12,14842.1,14842.1,14662.95,14710.05,11811825
2021-05-14,14710,14755.95,14620,14714.95,10130700
2021-05-17,14762.3,14960,14744.05,14952.1,8799075
2021-05-18,15080.3,15175,15072.2,15144.85,8913000
2021-05-19,15081.6,15157.8,15035.2,15059.45,6643500
2021-05-20,15040,15084.85,14911.65,14933.25,7581450
2021-05-21,15011,15224.75,14992,15206.2,9632025
2021-05-24,15230.05,15258.9,15150,15202.65,7142400
2021-05-25,15281.05,15299.4,15160,15218,7801950
2021-05-26,15255.2,15324,15197.2,15303,7739025
2021-05-27,15329,15365.4,15274.2,15337.85,7947300
2021-05-28,15435.05,15500,15420,15463.85,6434550
2021-05-31,15458,15599.7,15410.1,15583.2,7015500
2021-06-01,15612.5,15660,15546.1,15618.15,7596150
2021-06-02,15584,15632.6,15502.4,15616.75,6718800
2021-06-03,15689.9,15719.95,15635.7,15712.4,5998350
2021-06-04,15714.95,15756,15654,15700.85,5916450
2021-06-07,15769,15807.85,15705.9,15784.85,4597575
2021-06-08,15787,15790,15701.1,15768.6,5129175
2021-06-09,15778.2,15814.65,15594.05,15660.25,9923850
2021-06-10,15682.2,15767.8,15656.95,15751.25,6861675
2021-06-11,15809,15855.8,15760.1,15817.3,6265575
2021-06-14,15728,15848.1,15630.65,15832.65,8505225
2021-06-15,15866.6,15909,15853.95,15879,4345725
2021-06-16,15859,15885,15766.15,15790.2,6982425
2021-06-17,15671.05,15777.6,15626,15692.15,8740275
2021-06-18,15758,15774,15465.1,15696.7,11899650
2021-06-21,15548,15760.2,15509.5,15743.8,8171775
2021-06-22,15810,15876.35,15751.1,15773.25,7630650
2021-06-23,15792.2,15864.6,15677,15695.9,7668300
2021-06-24,15722.5,15819.55,15687.25,15790.45,7537800
2021-06-25,15852.2,15900,15802.2,15888,5431850
2021-06-28,15921.15,15930,15825.45,15854.95,4346150
2021-06-29,15843.1,15860,15758.7,15785.6,5939850
2021-06-30,15816.05,15876.2,15737.05,15752.15,6746300
2021-07-01,15765.1,15775.05,15696,15710.6,5411250
2021-07-02,15743.95,15754.95,15659.1,15741.55,5349250
2021-07-05,15757,16546.5,15757,15858.1,5208650
2021-07-06,15829.95,15930.6,15815.25,15837.45,5255750
2021-07-07,15826,15900.6,15788.8,15886.4,4772500
2021-07-08,15852.1,15889.9,15694.05,15735.4,9332600
2021-07-09,15700.05,15755,15641.05,15722.45,6842100
2021-07-12,15777,15811.9,15657.5,15711.95,6578350
2021-07-13,15798.25,15842.55,15758.25,15833.8,6018200
2021-07-14,15805.1,15893.25,15777.05,15869.05,4706550
2021-07-15,15879,15967.5,15866.55,15937.3,4844600
2021-07-16,15911.1,15970,15890,15936,4011200
2021-07-19,15770,15836.45,15705.95,15752.4,8352100
2021-07-20,15711,15741,15586,15637.2,8903750
2021-07-22,15700.05,15828.8,15700.05,15816.9,7443800
2021-07-23,15850,15897.6,15763.2,15853.1,5757100
2021-07-26,15781.5,15880,15781,15820.45,5044600
2021-07-27,15840.05,15869.95,15693.05,15734.65,7171750
2021-07-28,15774.95,15774.95,15510,15709.1,8890500
2021-07-29,15741.05,15812.4,15730.5,15778.45,6456950
2021-07-30,15735.2,15872.3,15735.2,15777.25,7249900
2021-08-02,15885,15918.2,15841,15909,5297850
2021-08-03,15947,16162.9,15912.55,16146.5,8791250
2021-08-04,16200,16294.7,16188,16260.8,7309700
2021-08-05,16280,16350,16220,16300.65,6475950
2021-08-06,16281.05,16333,16233.55,16251.7,4579100
2021-08-09,16274.65,16325,16181.8,16262.95,5655350
2021-08-10,16259.9,16359,16209.5,16276.95,6363500
2021-08-11,16308,16324.95,16185.65,16283.35,7251500
2021-08-12,16308.25,16369,16287.55,16358.6,4441850
2021-08-13,16365.05,16534.85,16360.05,16517.35,6356050
2021-08-16,16499,16588,16461.85,16559.45,4325950
2021-08-17,16543.1,16610,16483.7,16595.85,5995550
2021-08-18,16668,16688.95,16547.5,16572.3,6436650
2021-08-20,16400,16504,16342,16433.7,9535600
2021-08-23,16560.25,16565.95,16392,16494.25,7381500
2021-08-24,16555.4,16643.3,16495.05,16620.25,6158950
2021-08-25,16652,16713.75,16615.05,16632.35,7460850
2021-08-26,16612.1,16671.9,16572.3,16636.9,6306950
2021-08-27,16639.7,16730,16574.05,16718.15,6139600
2021-08-30,16745,16960,16745,16942.4,5636800
2021-08-31,16892,17143.9,16892,17122.25,7363400
2021-09-01,17150,17228.75,17083,17096.95,7009600
2021-09-02,17138.9,17262.7,17072.1,17247.25,5676150
2021-09-03,17261.55,17342.45,17211,17329.35,6771450
2021-09-06,17379,17429.1,17361,17404.65,4542400
2021-09-07,17372.1,17449.95,17300,17375.8,7412950
2021-09-08,17397.9,17401.1,17276.25,17370.9,5759600
2021-09-09,17330,17373.6,17301,17364.3,4718450
2021-09-13,17355.25,17393.1,17264,17359.3,5358050
2021-09-14,17410,17434.7,17368.7,17384.95,3864850
2021-09-15,17405.1,17545.35,17380.9,17535.45,5732900
2021-09-16,17541,17635,17501,17611.25,6387100
2021-09-17,17670,17800,17558,17603.15,11399500
2021-09-20,17460.25,17618.2,17355,17386.65,9914850
2021-09-21,17378,17569.55,17335.5,17559.3,9465600
2021-09-22,17554,17618.45,17521,17568.5,5581100
2021-09-23,17661.35,17845.45,17635.1,17833.1,6379000
2021-09-24,17894.95,17935,17820,17853.6,6281800
2021-09-27,18088.3,18088.3,17806,17856.75,6319750
2021-09-28,17880.05,17903.9,17586.25,17748.2,12009600
2021-09-29,17669,17794.05,17613.05,17708,8913150
2021-09-30,17697.3,17740.2,17580.5,17618.15,8914200
2021-10-01,17523.7,17562.3,17433,17530.2,7952950
2021-10-04,17571,17745,17560.05,17706.25,6896550
2021-10-05,17645,17840,17631,17829.75,6291600
2021-10-06,17838.7,17865,17603,17627.2,10278600
2021-10-07,17772.55,17884,17753.15,17808.15,8023450
2021-10-08,17883.8,17940,17835.3,17900.1,6359400
2021-10-11,17898.5,18059.6,17860,17973.05,5846300
2021-10-12,17919,18015,17862.6,18002.55,6320650
2021-10-13,18050,18207.95,18042,18172.75,6714000
2021-10-14,18260,18365.9,18240,18355,6355600
2021-10-18,18456.25,18543.25,18436.1,18495.4,6387050
2021-10-19,18578.9,18594,18395.1,18432.45,10017350
2021-10-20,18430.1,18466.8,18251.15,18316.7,10828900
2021-10-21,18365.5,18366,18077.5,18202.9,9815100
2021-10-22,18247.8,18318,18051.1,18144.55,9364450
2021-10-25,18220,18234.35,17986.6,18145.45,9363500
2021-10-26,18180.05,18350,18108.1,18314.15,8353500
2021-10-27,18308,18350,18181,18215.25,7739550
2021-10-28,18194.7,18205.9,17849.3,17857.25,7639500
2021-10-29,17860.7,17944,17659.25,17715.3,13381350
2021-11-01,17748,18037.75,17730.05,18008.45,9197450
2021-11-02,18010.05,18038,17861,17916.25,7741400
2021-11-03,17961.05,18019.8,17770,17847.15,8672150
2021-11-04,17900,17942,17900,17916.7,1465650
2021-11-08,17947.85,18153,17852,18122.75,10030100
2021-11-09,18130,18140.8,17993.7,18070.4,6676050
2021-11-10,17989.65,18086,17925.2,18022.95,6512550
2021-11-11,17985,17985,17807.1,17896.85,8343950
2021-11-12,17737.65,18160,17737.65,18133.45,7988200
2021-11-15,18239.9,18410,18082,18141,5431050
2021-11-16,18120,18159.95,17978.4,18004,6648200
2021-11-17,17934,18028.8,17894.35,17909.15,5916100
2021-11-18,17890,17944,17692.1,17792.9,8215000
2021-11-22,17797.75,17805,17301.55,17435.05,10437100
2021-11-23,17325,17550,17250,17495.25,9638250
2021-11-24,17547.8,17605,17360,17408.1,8440600
2021-11-25,17320.5,17558,17320.5,17536.25,8634800
2021-11-26,17415.5,17427.95,17015.05,17052.15,14397900
2021-11-29,17094.75,17207.85,16850.1,17094.9,12155150
2021-11-30,17089.75,17347,17000,17033.6,15447700
2021-12-01,17118.9,17250,17100.5,17221.9,9558150
2021-12-02,17205,17444.45,17170,17432.65,9307900
2021-12-03,17468.7,17515,17220,17239,11204750
2021-12-06,17247.7,17255.55,16942.05,16957.15,8676400
2021-12-07,17053.8,17308.95,17016.6,17225.4,9949700
2021-12-08,17343,17527.45,17327,17513.65,7927450
2021-12-09,17545,17590.9,17416.6,17561.4,8561150
2021-12-10,17532,17585,17435.45,17559.35,7514300
2021-12-13,17637.65,17688,17404.25,17446.85,9985700
2021-12-14,17340,17424,17230,17355.05,9124650
2021-12-15,17325,17379.5,17217,17260.8,8022800
2021-12-16,17390,17400,17233,17317.5,9365650
2021-12-17,17310.05,17310.05,17000,17023.5,10692500
2021-12-20,16848.7,16918.7,16431.3,16635.05,14799450
2021-12-21,16751,16955,16708.5,16800.95,11706300
2021-12-22,16877,16985,16832.2,16973.35,7541300
2021-12-23,17075,17150,17040.55,17078.45,7873500
2021-12-24,17150,17160,16920,17003.8,8281050
2021-12-27,16950,17129,16842.4,17103.4,8712400
2021-12-28,17175,17258.8,17160.5,17246.75,6423500
2021-12-29,17238,17287,17186.05,17215.9,6585500
2021-12-30,17189.9,17258.9,17151.6,17203.95,6500150
2021-12-31,17268,17448,17265.1,17409.95,6957650
2022-01-03,17443,17692.35,17410.05,17677.95,7979000
2022-01-04,17730,17870.8,17632.4,17846.75,7542550
2022-01-05,17840,17985,17786,17960.95,7920600
2022-01-06,17830,17845.5,17685.65,17788.65,12000600
2022-01-07,17831.1,17949,17736,17854.3,8894600
2022-01-10,17925,18058.3,17905.2,18048.2,6691700
2022-01-11,18026.65,18121,17994.75,18083.55,6631400
2022-01-12,18199,18254.9,18165.5,18241.2,6107950
2022-01-13,18266,18303.4,18197.15,18287.25,6775500
2022-01-14,18220.6,18320,18146.2,18295,6407400
2022-01-17,18248,18350,18234.5,18336.6,4338600
2022-01-18,18354,18363.5,18100,18124.35,10428300
2022-01-19,18094,18110,17906.55,17974.1,9274950
2022-01-20,17950,17968.7,17694.4,17804.1,10707100
2022-01-21,17670.05,17723.15,17502.5,17617.8,12693250
2022-01-24,17550,17602.95,17011.75,17151.65,14753850
2022-01-25,17000,17309,16851.15,17283.45,13207100
2022-01-27,16995,17174,16862,17110.15,12034900
2022-01-28,17200,17395,17095,17125.65,13011150
2022-01-31,17300,17424.95,17271,17361.95,10769900
2022-02-01,17524.95,17634,17231.25,17589,18647450
2022-02-02,17705.25,17809.8,17680.05,17795.9,8509500
2022-02-03,17780.05,17784,17500,17547.1,10786050
2022-02-04,17521,17632,17475,17529.65,9644400
2022-02-07,17458.55,17532.55,17125,17218.3,10834650
2022-02-08,17265,17304,17048.2,17273,12286900
2022-02-09,17351.4,17490,17330.3,17480.15,7831000
2022-02-10,17525,17650,17440.5,17617.65,9204600
2022-02-11,17448,17473.25,17282.3,17355.8,12399500
2022-02-14,17129,17129,16801,16837.85,12477900
2022-02-15,16894,17382.9,16837,17360.65,15715500
2022-02-16,17390,17495,17240.15,17317.35,13866050
2022-02-17,17374.9,17436.9,17217.35,17290.2,12475200
2022-02-18,17248,17388,17218.7,17278.05,9797250
2022-02-21,17206.2,17354,17081,17205.2,11982450
2022-02-22,16899.7,17145,16851,17073.6,14824650
2022-02-23,17170,17218.65,17043.3,17080.65,9853100
2022-02-24,16600,16763.95,16230.1,16247.95,15152150
2022-02-25,16449.85,16763.75,16449.85,16656.05,17593650
2022-02-28,16525,16825,16366.85,16794.25,15523100
2022-03-02,16595,16678,16468,16613.45,13788950
2022-03-03,16741,16769.75,16445.1,16505.6,11826400
2022-03-04,16305.1,16479.35,16152,16258.95,17006300
2022-03-07,15900,15958.1,15711.15,15872.2,19251000
2022-03-08,15770,16033,15676.35,16010.9,18173800
2022-03-09,16065,16422.35,15961,16365.7,15196700
2022-03-10,16730,16753.5,16450,16611.9,15989500
2022-03-11,16510,16707.8,16475.05,16647.75,10813950
2022-03-14,16624.95,16912.6,16610.15,16885.4,10337850
2022-03-15,16890,16928.9,16556.7,16669,13777250
2022-03-16,16870,17028.7,16856,17008.75,11926900
2022-03-17,17218,17385.85,17188.15,17322.05,13133800
2022-03-21,17332.2,17392.1,17130.65,17158.65,9308800
2022-03-22,17141,17383.75,17051,17362.8,12161650
2022-03-23,17447,17464.4,17220.05,17272.25,10967050
2022-03-24,17111,17339,17111,17242.8,9682850
2022-03-25,17260,17296,17096.4,17194.05,7972900
2022-03-28,17220.6,17283,17025.35,17268.95,10338500
2022-03-29,17350,17390,17269.4,17368.05,7837700
2022-03-30,17501.3,17539.95,17425,17515.4,9447300
2022-03-31,17519.55,17555.8,17436.75,17464.75,7770050
2022-04-01,17453,17740,17423,17713,9613050
2022-04-04,17810,18121.25,17765.1,18098.2,12329200
2022-04-05,18161.1,18173.8,17990.1,18017.5,9653150
2022-04-06,17897,17964.8,17837,17867.45,10215000
2022-04-07,17768,17866.3,17693.25,17730.35,11278150
2022-04-08,17745,17944.8,17656.3,17894.95,11625100
2022-04-11,17781.5,17829.95,17690.35,17723.95,10793100
2022-04-12,17600.1,17634.2,17482,17576.8,11642350
2022-04-13,17615.75,17704.8,17488.4,17519.25,10366700
2022-04-18,17221.15,17286.7,17109.95,17229.6,10265050
2022-04-19,17275,17314,16843.3,16969.35,13640050
2022-04-20,17040,17219.7,16996.85,17162.7,11666050
2022-04-21,17239.95,17439,17222,17410.15,9340500
2022-04-22,17225.1,17321,17156.5,17177.75,10179700
2022-04-25,17005,17050.15,16875,16958.35,11110650
2022-04-26,17125,17228.8,17068.2,17204,9547450
2022-04-27,17078,17114.5,16957.85,17053.8,10716650
2022-04-28,17149,17321.05,17072.65,17245.05,8968000
2022-04-29,17307,17399,17085.65,17135.25,14384900
2022-05-02,16925,17118,16925,17084.25,10007400
2022-05-04,17115.1,17137.75,16643.2,16702.5,16801350
2022-05-05,16855.3,16980.35,16660.55,16694.3,13913050
2022-05-06,16451.25,16494.8,16346.75,16419.4,13585650
2022-05-09,16255.55,16417.95,16153,16298.85,13151550
2022-05-10,16263.3,16410.15,16209,16247.1,13394950
2022-05-11,16256.7,16314.7,15993,16177.95,14783600
2022-05-12,16020,16038.85,15733,15810.75,15300450
2022-05-13,15968.9,16091,15744.1,15786.6,16065750
2022-05-16,15832.3,15979.75,15752,15842.6,10811500
2022-05-17,15901.05,16275.05,15885.05,16254.95,12359500
2022-05-18,16309.9,16363.35,16167.8,16226.05,12580600
2022-05-19,15981.3,15981.3,15740,15769.45,12714500
2022-05-20,15988.5,16275,15968.5,16253.25,13814800
2022-05-23,16270,16398,16152,16183.35,12432950
2022-05-24,16150,16236,16034.05,16104.7,11297550
2022-05-25,16168.05,16221.35,15982,16013.8,10772750
2022-05-26,16091.6,16178.7,15885.1,16170.15,12282650
2022-05-27,16300.05,16349.1,16201.05,16326.9,11208700
2022-05-30,16461.05,16674,16461.05,16643.45,10287200
2022-05-31,16589,16691.85,16528.05,16577.6,11795750
2022-06-01,16550,16640,16425.1,16508.1,11329300
2022-06-02,16448,16645,16430,16621.2,12155200
2022-06-03,16761.5,16790,16578,16604.65,10054700
2022-06-06,16550,16621.75,16460,16581.25,9028250
2022-06-07,16487,16490,16354,16429.25,10696150
2022-06-08,16471.1,16548,16310,16364.8,13195900
2022-06-09,16278,16496.8,16268.6,16475.45,12155550
2022-06-10,16284.4,16321,16185,16219.35,12947200
2022-06-13,15900.1,15948,15673.5,15766.25,13684950
2022-06-14,15715.6,15877,15666,15737.45,12089400
2022-06-15,15739.75,15799,15691,15708.65,8434100
2022-06-16,15820.25,15865,15328,15348.55,19272050
2022-06-17,15305.1,15427.65,15211.65,15319.25,17652500
2022-06-20,15340,15384,15202.3,15347.65,11274800
2022-06-21,15440,15716.75,15434.95,15638.4,12908500
2022-06-22,15551,15558,15357.25,15403.4,13044450
2022-06-23,15431,15629,15360,15572.95,16795650
2022-06-24,15650.1,15748,15611,15712.3,9876100
2022-06-27,15899.95,15930.4,15819.1,15835.55,8925500
2022-06-28,15779.7,15861.95,15712.35,15847.7,9201350
2022-06-29,15701.1,15852.15,15678,15779.9,10024150
2022-06-30,15765,15876.6,15712,15780.25,10412700
2022-07-01,15704,15787.25,15513.9,15754.25,15179500
2022-07-04,15735,15853.45,15651.9,15836.95,10379850
2022-07-05,15880,16014.6,15752.5,15776.05,13316050
2022-07-06,15796.85,16020,15781.05,15990.45,15679250
2022-07-07,16109.8,16165,16042,16148.15,10886050
2022-07-08,16248,16250,16160,16225.2,9237750
2022-07-11,16152,16253.2,16106.45,16203.5,10363650
2022-07-12,16126.55,16149.75,16026,16044.25,11656500
2022-07-13,16097.85,16142.45,15962.7,15979.9,11909550
2022-07-14,15980,16079,15860,15932.55,11996500
2022-07-15,15989.95,16083.9,15930.3,16068.3,9168400
2022-07-18,16199,16520,16170.45,16300.25,8102000
2022-07-19,16199.5,16364.5,16198.95,16346.95,8955700
2022-07-20,16521.3,16577.6,16492,16519.6,10886100
2022-07-21,16524.1,16618,16489.5,16597.5,9488750
2022-07-22,16631.1,16757.5,16611,16722.6,7905400
2022-07-25,16680,16705,16561.5,16632.1,7911400
2022-07-26,16635.1,16635.1,16475.15,16491.3,8012700
2022-07-27,16488,16668,16438,16653.3,8687750
2022-07-28,16769.2,16934.85,16743.55,16929.6,8588050
2022-07-29,17095,17222.95,17055.9,17201.85,9534900
2022-08-01,17262.2,17396.6,17192.65,17378.3,8113300
2022-08-02,17336,17420,17241.1,17346.3,11631700
2022-08-03,17360,17426,17243.85,17407.15,9782900
2022-08-04,17456,17505.3,17178,17387.85,15150650
2022-08-05,17422.9,17514.35,17363.85,17416.15,9261050
2022-08-08,17410,17583.9,17377.15,17557.75,7751150
2022-08-10,17580.25,17585.6,17455.3,17558.25,7558300
2022-08-11,17711,17736.15,17657.5,17684.95,7729350
2022-08-12,17675,17753.6,17621,17713.05,7130450
2022-08-16,17895,17895,17780.2,17850.65,6531650
2022-08-17,17898.4,17992.3,17867.9,17974.1,5554800
2022-08-18,17936.15,18004.7,17858.85,17980.35,9293300
2022-08-19,17980,17989.95,17712.6,17759.5,11569700
2022-08-22,17688,17689.9,17471.1,17492.25,9064250
2022-08-23,17401.1,17643.95,17383.6,17585.55,13228900
2022-08-24,17552.1,17635.3,17495,17617.25,9604200
2022-08-25,17684.4,17739.35,17501,17522.45,8574050
2022-08-26,17677.3,17765,17602.05,17653.75,9743800
2022-08-29,17290,17440,17250.05,17370.25,11265900
2022-08-30,17451,17844.75,17442.2,17827.5,11849300
2022-09-01,17552,17734.9,17482,17592.4,15920800
2022-09-02,17592,17661.5,17491.35,17562.75,10962050
2022-09-05,17540,17727.55,17540,17710,7565550
2022-09-06,17730,17788.55,17600,17682.95,9165500
2022-09-07,17543.35,17680,17521.25,17651.05,8430850
2022-09-08,17750,17837.75,17695,17824.35,9408750
2022-09-09,17927.1,17949.65,17804.95,17866.45,7409450
2022-09-12,17900,18024.4,17872.1,17964.35,6430650
2022-09-13,18045.1,18123.35,18032.65,18105.5,6664300
2022-09-14,17826.65,18110,17819,18020.4,12450100
2022-09-15,18045,18099,17866.5,17891.8,10781650
2022-09-16,17805.55,17825,17526,17566.15,13939200
2022-09-19,17559.9,17690,17456.25,17628,8742900
2022-09-20,17775,17943.1,17756,17825.65,9479100
2022-09-21,17776.35,17844.35,17664.45,17731.45,8797200
2022-09-22,17626,17747.4,17542.35,17647.6,11389250
2022-09-23,17587.95,17638.3,17291.15,17335.85,12254250
2022-09-26,17175,17211.85,16981.1,17028.75,12374750
2022-09-27,17099.85,17174.9,16946,17018.65,11824400
2022-09-28,16863.05,17033,16833.7,16858.7,12062750
2022-09-29,16994.85,17058.9,16800,16833.3,10887900
2022-09-30,16815,17209.6,16764.25,17103.2,14773700
2022-10-03,17021,17105,16858,16895.65,12492050
2022-10-04,17140,17309,17125,17293,11629450
2022-10-06,17421.2,17444,17313,17325.45,9181950
2022-10-07,17301.1,17353.95,17220.3,17328.85,8889850
2022-10-10,17100,17278.85,17050,17227.45,12684100
2022-10-11,17220,17239,16951,16978.2,10596600
2022-10-12,17011,17133.9,16951.05,17114.8,11365550
2022-10-13,17085.25,17086.8,16927,17010.85,10485350
2022-10-14,17299.75,17367,17175,17195.5,12875300
2022-10-17,17155,17324,17100,17300.3,8990600
2022-10-18,17443,17538.65,17432,17502,9534050
2022-10-19,17535.1,17599.35,17457,17494.65,8510600
2022-10-20,17408,17560,17385.3,17540.7,9476400
2022-10-21,17588,17665.5,17495,17564.45,9122200
2022-10-24,17730,17807.05,17716.55,17732.55,4037950
2022-10-25,17772.1,17790,17642.6,17654.95,7873050
2022-10-27,17795.1,17818.55,17655,17736.95,9340800
2022-10-28,17781,17887.1,17773.3,17830.2,8097250
2022-10-31,17948,18061.75,17926.1,18051.05,6519250
2022-11-01,18161.1,18225,18112,18211.2,8070250
2022-11-02,18227,18229.45,18117.05,18146.75,5784850
2022-11-03,18046.9,18158.85,18008,18118.8,7808600
2022-11-04,18135,18220.8,18069.85,18194,6010600
2022-11-07,18294.9,18308.5,18119.5,18264.15,8557000
2022-11-09,18345,18375.25,18183.3,18216.8,7716000
2022-11-10,18110,18149.9,18030,18092.65,7701000
2022-11-11,18332.55,18439.95,18320,18424,9513550
2022-11-14,18432.7,18455,18362.65,18379.2,5397100
2022-11-15,18439,18488.8,18342.2,18462.05,5460050
2022-11-16,18462,18493.15,18387.5,18451.85,7316800
2022-11-17,18400,18473.6,18346.1,18378.4,6385500
2022-11-18,18396,18417,18256.5,18355.9,8353400
2022-11-21,18306.1,18306.1,18155.3,18192.2,6310950
2022-11-22,18221.3,18293.9,18171.55,18281,5748700
2022-11-23,18355,18358,18264.9,18286.75,6613950
2022-11-24,18310,18487.75,18297.15,18484.1,7646800
2022-11-25,18631.2,18668.2,18581.15,18646.1,6291400
2022-11-28,18585,18742.3,18566.15,18694.1,6149950
2022-11-29,18692,18797.65,18670.15,18733.6,5652900
2022-11-30,18736,18905.05,18721.2,18874.5,6890300
2022-12-01,18957.7,18998.85,18890,18948.3,7237200
2022-12-02,18948.95,18948.95,18760.05,18812.55,8115900
2022-12-05,18798.9,18856.4,18710.45,18817.75,6994200
2022-12-06,18731.3,18790,18682.4,18771.35,6725100
2022-12-07,18680.15,18774.65,18650.4,18670.25,6604600
2022-12-08,18675,18740.9,18637.3,18720.15,5908300
2022-12-09,18760,18776.95,18515,18583.65,8352250
2022-12-12,18520,18638.65,18456.15,18605.2,7078000
2022-12-13,18630,18717.95,18575.6,18703.85,6244800
2022-12-14,18775.55,18807.55,18720.05,18748.9,6008050
2022-12-15,18705.6,18742.4,18437.55,18467,9310800
2022-12-16,18367,18488.85,18313.2,18328.65,10768750
2022-12-19,18340,18519,18308.6,18499.3,7274750
2022-12-20,18420,18449,18231.9,18423.95,10712550
2022-12-21,18470.1,18514.9,18223,18275.9,11790650
2022-12-22,18327,18356.9,18112,18170.35,11161550
2022-12-23,18055.05,18115,17831.2,17863.9,12050450
2022-12-26,17890.05,18106,17835.55,18027.3,8503350
2022-12-27,18082.2,18152.05,17969,18138,8182500
2022-12-28,18097.75,18178.4,18073.85,18122.35,6547000
2022-12-29,18122,18198,17985,18191,6939100
2022-12-30,18338,18374,18172.35,18206.85,8009800
2023-01-02,18209,18294.4,18164.7,18275.85,5476450
2023-01-03,18234.9,18333.9,18210.05,18317.3,6796200
2023-01-04,18299,18303.3,18083.2,18103.05,10588200
2023-01-05,18155,18190,17964.4,18066,10757150
2023-01-06,18073.6,18132,17872.05,17943.2,10442450
2023-01-09,18028,18228,18018.9,18173.2,10637400
2023-01-10,18173.2,18178,17925.15,17986.25,9086650
2023-01-11,18000,18065,17890.45,17962.95,8204650
2023-01-12,17982.5,18019.95,17820.05,17918.65,8772150
2023-01-13,17940,18088.15,17835.55,18025.25,10204800
2023-01-16,18051.1,18097,17886.95,17941.75,7795300
2023-01-17,17916.25,18103.9,17916.25,18088.8,8463600
2023-01-18,18112,18224.6,18071.1,18199.15,6946500
2023-01-19,18151,18177.75,18081,18113.15,6906750
2023-01-20,18150,18170.8,18036,18055.8,6899350
2023-01-23,18120,18193.95,18090.95,18148.15,6642550
2023-01-24,18210,18218.45,18100.05,18128.25,6341400
2023-01-25,18109.8,18109.85,17845.3,17891.95,9316300
2023-01-27,17988,17995,17576.8,17687.15,13677350
2023-01-30,17639.95,17829,17522.25,17741.75,12394700
2023-01-31,17785,17836.3,17636.25,17798.65,10593800
2023-02-01,17925,18063.95,17472.35,17677.25,21125700
2023-02-02,17597.85,17739.95,17522.9,17685.25,10773650
2023-02-03,17758,17927,17635.65,17902.15,10445500
2023-02-06,17840,17867.5,17744.3,17805.95,7195400
2023-02-07,17840,17864.8,17703,17782.65,7961500
2023-02-08,17802.05,17939.35,17786.05,17909.25,8121750
2023-02-09,17900.05,17974.95,17820.9,17945.85,6458550
2023-02-10,17851,17899.9,17799,17877.1,6663300
2023-02-13,17852.05,17900.5,17745,17801.85,6445150
2023-02-14,17830,17969.9,17812.85,17945.15,7209550
2023-02-15,17899.8,18049,17872.35,18035.15,6521700
2023-02-16,18090,18150,18047.8,18062.85,6121150
2023-02-17,17986.2,18045,17893.55,17951,7302450
2023-02-20,17965.75,18014.7,17835.6,17862.65,6978400
2023-02-21,17883.6,17932,17801,17840.1,7472250
2023-02-22,17790,17794.95,17532.55,17566.9,7570550
2023-02-23,17575,17628.7,17461.15,17511.25,8462350
2023-02-24,17637.9,17700,17510,17559.25,7290800
2023-02-27,17505,17554.75,17392.2,17497.95,8664750
2023-02-28,17493.05,17534,17345,17403.4,9110150
2023-03-01,17433.05,17550,17417.35,17532.7,6507550
2023-03-02,17495,17518,17380,17399.4,9296500
2023-03-03,17490.2,17725.05,17475,17671.55,11018100
2023-03-06,17730,17863.9,17724,17774.95,6895900
2023-03-08,17715.1,17805.75,17654,17794.55,7262150
2023-03-09,17789.95,17818.9,17635,17645.1,7497600
2023-03-10,17489.8,17489.9,17367,17452.55,9023400
2023-03-13,17460,17573.95,17159.05,17205.8,13644350
2023-03-14,17190,17278,17071.1,17125.75,13312650
2023-03-15,17224.95,17263.4,17010.9,17037.35,9237750
2023-03-16,17019.9,17130,16918.5,17047.3,11537100
2023-03-17,17165,17208.75,17020.05,17178.15,12032650
2023-03-20,17099.8,17109.8,16866,17028.9,11661400
2023-03-21,17090,17183.65,17052.25,17160.15,6902700
2023-03-22,17211,17238,17142.1,17185,5440650
2023-03-23,17124.9,17239.55,17066.95,17087.5,8787300
2023-03-24,17079.95,17119.9,16931.95,16955.05,8215600
2023-03-27,16995.25,17124.55,16940.8,17037.4,10841650
2023-03-28,17065,17088.25,16927.45,16970.6,8468550
2023-03-29,16983,17090.6,16942,17080.7,12263950
2023-03-31,17271,17466,17271,17442.65,8633250
2023-04-03,17470,17489,17383.85,17474,6222300
2023-04-05,17500,17630,17486.8,17622,7860700
2023-04-06,17599.8,17715.95,17557.1,17644.2,7865550
2023-04-10,17671,17754,17653.6,17681.5,5330350
2023-04-11,17730,17809.35,17715.75,17788.2,6342500
2023-04-12,17806.15,17879.7,17778.3,17858.25,5750700
2023-04-13,17850,17889.9,17775,17879.65,6808600
2023-04-17,17820.1,17854,17640,17760.1,8523700
2023-04-18,17775,17780,17652.85,17712.35,6209050
2023-04-19,17700,17710.8,17622,17649.65,5076300
2023-04-20,17681.1,17725,17610.95,17655.8,5180650
2023-04-21,17650,17690,17583,17657.3,6106950
2023-04-24,17715,17772,17633.2,17763.9,9537100
2023-04-25,17776.1,17822.7,17732.3,17782.3,6039250
2023-04-26,17754.9,17830,17722,17814.9,6523500
2023-04-27,17791,17920.05,17791,17915.05,7062200
2023-04-28,18030.25,18128.5,17965,18111.15,6319850
2023-05-02,18180.45,18247.25,18180.45,18213.15,5725550
2023-05-03,18154.9,18180,18100.3,18149.95,6789900
2023-05-04,18119.85,18315.9,18113.1,18294.65,5922300
2023-05-05,18180,18267.75,18115,18129.7,8408600
2023-05-08,18160,18344.7,18147,18310.4,6054200
2023-05-09,18335.6,18388.85,18270.15,18306.4,4837550
2023-05-10,18325,18358.5,18255.55,18345.5,4756000
2023-05-11,18375.1,18390.55,18316,18353.4,5038400
2023-05-12,18298.95,18365,18215.45,18333.4,6146900
2023-05-15,18300,18473.1,18288,18417.55,5214100
2023-05-16,18439,18445.75,18312,18328.4,4926900
2023-05-17,18315.6,18328.35,18157.6,18224.5,8005500
2023-05-18,18290,18324.55,18150.8,18175.45,5328400
2023-05-19,18210,18242,18084.05,18225.4,6527200
2023-05-22,18215,18350,18195.1,18331.35,5990350
2023-05-23,18361.1,18429,18347.75,18365.8,4931250
2023-05-24,18301,18394.5,18265.2,18295.9,6718650
2023-05-25,18270,18333.05,18202.75,18321.15,6002150
2023-05-26,18440.35,18590,18419,18573.3,7222250
2023-05-29,18697.15,18717.5,18648.2,18673.7,5519150
2023-05-30,18660,18742.4,18654.05,18713,3828550
2023-05-31,18680.6,18680.6,18566,18629.55,6570450
2023-06-01,18624.95,18659,18550,18570,5072300
2023-06-02,18618.65,18675.5,18556.35,18635.95,6007900
2023-06-05,18700.2,18729,18676.6,18696.65,3606050
2023-06-06,18675,18700.75,18605.55,18672.95,5089100
2023-06-07,18715.5,18807.65,18706.6,18798.4,4928150
2023-06-08,18811.1,18842,18693.5,18709.95,6354400
2023-06-09,18724.95,18739.95,18618.35,18631.55,5601900
2023-06-12,18649.95,18705.6,18624.1,18683,3861600
2023-06-13,18735.35,18783,18721,18776.85,3856500
2023-06-14,18750.05,18832,18750,18818.25,3633850
2023-06-15,18818.25,18867.5,18734.4,18745.45,6404800
2023-06-16,18774.95,18955,18771.05,18899.15,6913450
2023-06-19,18920,18923.45,18789.15,18840.2,5057800
2023-06-20,18819.75,18883,18712.3,18864.7,5953100
2023-06-21,18872.9,18909,18828.45,18896.75,4389950
2023-06-22,18871.35,18920.65,18801.95,18830.05,6938200
2023-06-23,18789,18808.25,18690,18705.9,6479100
2023-06-26,18720,18744.45,18665,18717.2,4584350
2023-06-27,18741,18822.4,18730,18811.2,5645200
2023-06-28,18850.5,19009.95,18845.35,18972.1,6358150
2023-06-30,19082,19273.15,19082,19261.25,5528300
2023-07-03,19321,19419.9,19302.55,19404.95,6005600
2023-07-04,19421,19500,19376.3,19458.4,5521700
2023-07-05,19401,19486,19400,19466.85,3909000
2023-07-06,19441.3,19555,19435.1,19536.1,5198850
2023-07-07,19485,19567.25,19380.1,19398.5,7732300
2023-07-10,19422.2,19481.25,19375.15,19409.55,4506300
2023-07-11,19452.2,19562.5,19436.25,19500.85,4715650
2023-07-12,19535,19543.9,19450.05,19461.3,4319750
2023-07-13,19535.6,19614.2,19452.1,19474.8,6611000
2023-07-14,19522.2,19627.8,19475,19598.85,6198950
2023-07-17,19622.15,19739,19597.25,19721.2,4696050
2023-07-18,19755.6,19824.9,19707,19770.55,5579500
2023-07-19,19801,19870,19747,19847.1,4969350
2023-07-20,19845,19981.55,19796.15,19970.2,6452900
2023-07-21,19860,19899.9,19730,19776.4,7420900
2023-07-24,19771.8,19808,19680,19692.7,6053750
2023-07-25,19744.1,19744.1,19632,19691.15,5263050
2023-07-26,19722.1,19828.2,19707.1,19774,5051550
2023-07-27,19840.2,19872.35,19600,19659.9,6867000
2023-07-28,19779.9,19795,19678,19751.8,6737800
2023-07-31,19771.5,19859.95,19708.25,19843.95,4831650
2023-08-01,19862,19869,19785.75,19812.55,3783400
2023-08-02,19755.65,19760,19514,19596.55,8216400
2023-08-03,19540,19647,19390,19468.15,9141200
2023-08-04,19501.1,19596.65,19486.1,19576.25,6860650
2023-08-07,19600,19684.05,19577,19661.05,4365650
2023-08-08,19682,19682,19585,19611.25,3690050
2023-08-09,19611.2,19701.9,19512.25,19689.6,5570500
2023-08-10,19639.9,19669,19535,19596.8,6671150
2023-08-11,19599,19600,19488.6,19504.35,4979650
2023-08-14,19449.8,19506.25,19316.85,19478.35,5782000
2023-08-16,19400.4,19505.4,19352.55,19484.55,4631650
2023-08-17,19425,19463.15,19360,19393.9,5111600
2023-08-18,19329.8,19380,19275,19331.5,6371850
2023-08-21,19325.6,19432,19310.05,19399.55,5872850
2023-08-22,19411.05,19430,19365.6,19386.3,3072700
2023-08-23,19395,19456.75,19352.25,19430.9,4049600
2023-08-24,19500,19575,19376,19395.6,6246950
2023-08-25,19329.95,19340,19218,19250.3,6505300
2023-08-28,19278.3,19361.2,19247.1,19321.3,5313150
2023-08-29,19351.2,19366.95,19306,19337.1,4977600
2023-08-30,19409.7,19444.05,19329,19342.5,5500850
2023-08-31,19354.35,19383,19235.6,19253.8,5886900
2023-09-01,19409.5,19528.95,19377,19512.1,5827650
2023-09-04,19562.65,19621,19508,19608.8,4002300
2023-09-05,19625.3,19664,19590,19653.55,3662700
2023-09-06,19650,19673,19556.1,19658.85,5419250
2023-09-07,19625.65,19788.9,19601.5,19768.7,6285950
2023-09-08,19800,19916,19772.3,19872.45,5071100
2023-09-11,19912.1,20051,19892,20036.7,4504400
2023-09-12,20112.55,20133,19970.35,20046.3,6886300
2023-09-13,20020.05,20150,20001.15,20125.15,4434450
2023-09-14,20150,20204.95,20095,20172,6663300
2023-09-15,20205.6,20270,20191,20249.6,3887200
2023-09-18,20205,20234.5,20162.3,20178.85,3369100
2023-09-20,20050,20160,19931,19972.05,6753800
2023-09-21,19895,19895,19745,19778.7,8341800
2023-09-22,19750.85,19825,19690.55,19708.25,5682850
2023-09-25,19722.25,19763,19626.25,19700.5,6225200
2023-09-26,19679,19719.8,19640.95,19677.05,3904000
2023-09-27,19634.9,19743,19543.1,19719.05,5809300
2023-09-28,19742.5,19747.05,19501,19523.55,6574400
2023-09-29,19675,19794,19638,19709,7251300
2023-10-03,19650,19658.95,19539.3,19571.5,5415300
2023-10-04,19474.1,19481,19362.8,19469.25,6256100
2023-10-05,19535,19616.45,19514.5,19568,6720500
2023-10-06,19610,19691.95,19601.1,19678.5,5027100
2023-10-09,19590.1,19616.8,19505.9,19539.15,5293200
2023-10-10,19599.9,19749,19585.1,19738.1,4985750
2023-10-11,19780,19874.9,19780,19850.1,4731600
2023-10-12,19862.3,19884,19802.5,19843.5,4190450
2023-10-13,19698.35,19816.9,19685.05,19742.05,5731950
2023-10-16,19731.65,19794,19693.05,19740.4,3755050
2023-10-17,19834,19852.95,19764.95,19811.1,3486600
2023-10-18,19825,19845,19665.1,19683.35,5009900
2023-10-19,19575,19669.95,19527,19618.75,5805000
2023-10-20,19549.6,19576.4,19508.3,19527.85,3794450
2023-10-23,19520,19543.05,19241.15,19269.2,5804900
2023-10-25,19306,19350,19068.7,19128,8804650
2023-10-26,19040,19064.4,18840.55,18857.25,6706100
2023-10-27,18999.6,19160,18990.75,19131.35,6075150
2023-10-30,19069.5,19234.25,19014.6,19220.9,6082950
2023-10-31,19275,19279,19120,19158.2,6250150
2023-11-01,19144.05,19174.4,19050.4,19060.25,5023700
2023-11-02,19200.2,19451.05,19140.2,19238.85,7575500
2023-11-03,19340,19413.4,19280,19303.6,4986850
2023-11-06,19429,19492.5,19385,19486.5,5181650
2023-11-07,19461.1,19493.9,19415,19476.9,4270550
2023-11-08,19512.6,19524.35,19467,19490.85,3543150
2023-11-09,19503.6,19526.4,19471.1,19484.6,4206200
2023-11-10,19424,19506,19375,19482.65,4934100
2023-11-12,19650,19650,19503.3,19536.5,1684050
2023-11-13,19521.15,19535.1,19469.65,19497.15,2829050
2023-11-15,19700.2,19763.65,19637,19723.3,6107650
2023-11-16,19738,19934,19695.85,19829.7,6650650
2023-11-17,19871.1,19871.1,19750.55,19806.5,3933550
2023-11-20,19798.9,19848,19718,19751.2,3616750
2023-11-21,19809.95,19898,19801,19841.3,3732050
2023-11-22,19839.95,19894.4,19755.6,19884.1,4094550
2023-11-23,19903.05,19922,19838.05,19868.75,3851850
2023-11-24,19869.95,19885.5,19800,19826.95,3182500
2023-11-28,19889.95,19955,19827.9,19936.7,5298650
2023-11-29,20000.7,20144,19980.2,20131.45,5913450
2023-11-30,20146.65,20152.5,20006.85,20133.15,6790900
2023-12-01,20292.9,20410,20292.9,20375.15,5314350
2023-12-04,20640,20828.3,20615.5,20798.9,7315950
2023-12-05,20855.05,20954.95,20802,20942.6,6591100
2023-12-06,21038.8,21080,20941.25,21039.3,6168600
2023-12-07,21019.9,21048,20956.25,21030.8,5082400
2023-12-08,21085,21107.45,20949,21075,6585100
2023-12-11,21086.55,21119.4,21032,21084.45,3936750
2023-12-12,21112.2,21129.95,20991,21022.95,4459150
2023-12-13,21039.95,21048.95,20900.1,21033.95,6479900
2023-12-14,21212.6,21355,21177.25,21327.65,8159800
2023-12-15,21400,21589.9,21354.05,21557.1,7483200
2023-12-18,21509,21547.1,21458.3,21477.25,4901150
2023-12-19,21481.1,21594.7,21415,21527.75,6261000
2023-12-20,21595.1,21680,21164.15,21217.05,10870800
2023-12-21,21100,21379.7,21060,21350.4,9803900
2023-12-22,21401.55,21474,21285,21402.35,8329250
2023-12-26,21409,21531.9,21362.6,21472.3,6561700
2023-12-27,21510,21708.35,21507.65,21681.8,7074100
2023-12-28,21722.1,21791,21687.7,21778.7,6770850
2023-12-29,21924.95,21939.9,21830,21885.95,6353500
2024-01-01,21849.8,22025,21811.2,21888.9,5465450
2024-01-02,21820,21869.95,21674,21756.75,8392350
2024-01-03,21729.9,21729.9,21579,21600,6780800
2024-01-04,21640,21810,21616.1,21785.95,6088700
2024-01-05,21779.8,21831,21677,21793.85,6751500
2024-01-08,21789.5,21810.9,21562.75,21579.55,7251700
2024-01-09,21680.2,21807.8,21592.4,21616.85,7906950
2024-01-10,21579.8,21737,21501,21709.1,6989450
2024-01-11,21758.1,21773.8,21627,21678.45,5653550
2024-01-12,21745,21995,21731,21947,7545600
2024-01-15,22050.2,22149.9,21995,22133.3,5172900
2024-01-16,22089.9,22138,21964.7,22029.5,5160750
2024-01-17,21743.7,21854.75,21563.3,21589.55,11483200
2024-01-18,21461.95,21574,21316.8,21527.45,11391300
2024-01-19,21627,21708,21579.3,21672.15,6291600
2024-01-20,21741,21759.6,21566,21620,3644700
2024-01-23,21760.2,21783,21153.2,21194.25,12632050
2024-01-24,21160,21505,21141,21477.6,10671500
2024-01-25,21455,21474.15,21243,21352.6,7257700
2024-01-29,21591,21885,21575,21855.25,9060700
2024-01-30,21900.2,21938.8,21607,21630.5,8176000
2024-01-31,21614.95,21840,21570,21808.6,7331250
2024-02-01,21800.15,21920,21725,21751.45,9048550
2024-02-02,21880.2,22198.85,21877.05,21951.4,11841350
2024-02-05,21925,22036.3,21765,21803.45,7914550
2024-02-06,21836.6,22015,21790.05,21979.55,6468250
2024-02-07,22090.2,22109.85,21901.3,22003.7,6644900
2024-02-08,22055,22087,21768,21814.6,10948600
2024-02-09,21809.9,21867.4,21674.2,21842.6,7565200
2024-02-12,21905.6,22088.65,21662,21697.85,6721300
2024-02-13,21720.2,21844.25,21626.55,21823.75,6911100
2024-02-14,21675,21951,21600.85,21916.85,9294850
2024-02-15,21970.2,22027.95,21846,22005.05,8238150
2024-02-16,22060.2,22139.95,22039.45,22097.8,5401300
2024-02-19,22142.2,22259.95,22055,22171.4,5446300
2024-02-20,22140,22234,22076,22217.2,5857900
2024-02-21,22245.15,22272,22022.85,22070.15,6660850
2024-02-22,22119.8,22269.9,21943,22243.25,10328250
2024-02-23,22285.1,22344.45,22207,22228.85,6026000
2024-02-26,22195,22230.6,22088,22141.65,5980700
2024-02-27,22120,22229.3,22095.1,22203.05,6170450
2024-02-28,22196.85,22225,21890,21921.35,7359450
2024-02-29,21902,22029.95,21843,21982.8,7157250
2024-03-01,22203,22453.45,22180.2,22443.2,9027850
2024-03-02,22502.45,22547,22443.5,22507,1384900
2024-03-04,22510,22544.95,22466,22497.95,3779400
2024-03-05,22500,22517.25,22352,22433.25,6228200
2024-03-06,22398,22605,22322,22593.05,9382550
2024-03-07,22602.05,22619.9,22526.3,22552.35,5308950
2024-03-11,22608,22608,22392.5,22421.35,6201700
2024-03-12,22447.9,22537.9,22378,22447.05,6122500
2024-03-13,22505,22515,22025,22103.25,11451200
2024-03-14,22080,22329.6,22034.8,22264.55,8934250
2024-03-15,22185.65,22192.75,22000,22133.2,8989000
2024-03-18,22143.95,22219.65,22018.25,22135.45,5926700
2024-03-19,22070,22094,21868,21886.5,7630650
2024-03-20,21900,21988.8,21798.05,21910.05,6885900
2024-03-21,22070,22149,22020,22102.5,6652350
2024-03-22,22060,22258,21953.85,22165.45,8477000
2024-03-26,22026.25,22150,21850,22088.55,6595650
2024-03-27,22099,22210,22081.55,22167.05,5921950
2024-03-28,22194.35,22528.8,22183.95,22326.9,8167450
2024-04-01,22539.95,22647,22515.1,22602.6,6376300
2024-04-02,22580,22611.55,22507.1,22577.5,4189350
2024-04-03,22486,22630.75,22450,22542.6,6279400
2024-04-04,22640.05,22669,22420.05,22612.25,10918000
2024-04-05,22570,22618,22505.1,22595.5,4340850
2024-04-08,22653,22773.3,22625.1,22748.5,5491650
2024-04-09,22820,22845,22702.15,22735.35,5724650
2024-04-10,22785.9,22829,22753,22812.4,3984800
2024-04-12,22738.05,22767.4,22590,22601.45,8514550
2024-04-15,22420,22517.7,22342,22357.3,8981250
2024-04-16,22176.55,22249.8,22113.85,22200.75,7851300
2024-04-18,22229.9,22342.9,22027.55,22055.2,13515650
2024-04-19,21989.9,22168.9,21813.6,22128.7,12449400
2024-04-22,22261.25,22399,22186,22358.2,5876400
2024-04-23,22448,22448,22345,22371.05,4873050
2024-04-24,22440,22488,22382,22414.7,5552050
2024-04-25,22370,22647.15,22317,22570.35,9462600
2024-04-26,22684,22705,22530,22556,6242950
2024-04-29,22610,22764.8,22564,22750.55,5764200
2024-04-30,22773.45,22850,22698,22718.3,5503100
2024-05-02,22702.05,22808.4,22688.05,22773.95,4801075
2024-05-03,22850,22888.35,22470,22575.2,10956050
2024-05-06,22648.7,22686.4,22510,22550.15,5992500
2024-05-07,22545,22590.95,22312.6,22381.8,7018025
2024-05-08,22344,22490,22286.15,22393.85,7488875
2024-05-09,22342,22388,22051.35,22075.8,11648275
2024-05-10,22100.2,22230,22050.85,22140.6,7163175
2024-05-13,22100,22225,21900,22201.1,8544875
2024-05-14,22214,22364.55,22160,22308.7,6668625
2024-05-15,22342.35,22375.45,22211,22287.05,5430175
2024-05-16,22384.1,22485,22154.05,22452.35,13874425
2024-05-17,22481.2,22546,22407.7,22497.7,4964925
2024-05-18,22530.25,22549.7,22502.1,22543.9,770750
2024-05-21,22510.25,22677,22510.2,22605.9,4649250
2024-05-22,22625,22683,22548.8,22657.95,3627150
2024-05-23,22650,23023,22650,23002.7,10317100
2024-05-24,23000,23089.9,22953,23019.6,5499025
2024-05-27,23070,23177,22921,22981.5,5799575
2024-05-28,23030,23037.95,22915.25,22937.25,4956425
2024-05-29,22845,22874,22721.75,22743.8,7018975
2024-05-30,22679.95,22698.85,22414.15,22488.65,6034050
2024-05-31,22679,22789.2,22610,22700.7,13129800
2024-06-03,23501.65,23844,23161.3,23407.9,14036550
2024-06-04,23000,23169,21265,21908.15,40391525
2024-06-05,21866.25,22710,21824.1,22642.9,19631800
2024-06-06,22730.05,22974,22692.05,22899.5,15344325
2024-06-07,22900.5,23341.5,22852.1,23325.15,12927525
2024-06-10,23301,23410,23223,23247.15,7750225
2024-06-11,23253.65,23447,23220.2,23309.8,5786225
2024-06-12,23321.65,23474,23303.3,23355.1,5918375
2024-06-13,23461.05,23482,23371.35,23399.25,5143775
2024-06-14,23421.7,23489.85,23350.8,23466.65,4537400
2024-06-18,23511.15,23610,23511.15,23568.1,4022575
2024-06-19,23611.25,23669.75,23432.65,23503.6,7823750
2024-06-20,23526,23629.8,23445.9,23582.5,5555425
2024-06-21,23625,23633.15,23415.2,23487.3,7529600
2024-06-24,23375,23565.35,23335,23543.2,6490150
2024-06-25,23568.05,23746.1,23550.55,23731.25,6351250
2024-06-26,23731.25,23906.8,23676,23867.95,5723300
2024-06-27,23812.05,24061.75,23792.6,24044.5,7674400
2024-06-28,24151,24240,24102.1,24132.25,7116100
2024-07-01,24125,24225.2,24082,24206.25,4080225
2024-07-02,24241,24280,24122,24203.15,5297200
2024-07-03,24301,24376.4,24276.25,24350.4,5251400
2024-07-04,24422.2,24454.9,24335,24359.45,4924825
2024-07-05,24306.9,24419.2,24240,24379.4,5759525
2024-07-08,24379.4,24399,24286.5,24375.6,3252400
2024-07-09,24342,24510.45,24306.25,24485.65,3671700
2024-07-10,24498.95,24503,24212,24355.05,7751875
2024-07-11,24385,24419.55,24241,24382.65,5783875
2024-07-12,24422.2,24593.7,24383,24521.6,6523450
2024-07-15,24599.95,24639.9,24543,24621.7,3339875
2024-07-16,24627.85,24688,24606.55,24644.45,3272150
2024-07-18,24565.3,24838,24510,24809.05,9438225
2024-07-19,24761,24837,24504,24529.1,8005525
2024-07-22,24468.55,24607.4,24378.85,24509.1,5882225
2024-07-23,24551.9,24561,24066,24463.1,13387650
2024-07-24,24418,24489,24281.55,24388.75,7884825
2024-07-25,24220,24425.3,24198,24406.1,8055225
2024-07-26,24475,24939.9,24415,24915.45,10243175
2024-07-29,24999,25075,24833.95,24910.45,7029800
2024-07-30,24870,25016.05,24850,24929.1,5279600
2024-07-31,24933,25033,24911,25013.15,4122225
2024-08-01,25060.05,25132.85,24985.85,25032.25,5726425
2024-08-02,24824.95,24884.8,24670,24700,8231400
2024-08-05,24550,24550,23912.5,24102.95,17838500
2024-08-06,24230.2,24398.9,24001,24056.9,10554300
2024-08-07,24310.2,24397.95,24208.2,24366.45,8281950
2024-08-08,24299,24357.75,24111,24136.55,9407300
2024-08-09,24350.2,24444,24316.4,24401.5,6500325
2024-08-12,24355,24530,24272,24356.8,6599150
2024-08-13,24349.95,24390,24125.35,24161,5699100
2024-08-14,24199.95,24228.65,24122.15,24174.65,4508525
2024-08-16,24322.35,24606.15,24233,24585.5,9540625
2024-08-19,24640.2,24661.75,24533,24595.75,3798325
2024-08-20,24639.95,24765,24624.25,24711.25,3759150
2024-08-21,24697.7,24806.85,24685.05,24798.15,2979825
2024-08-22,24849.95,24873.45,24805.2,24840.45,3300650
2024-08-23,24840.4,24888,24790.95,24854,3562175
2024-08-26,24901.65,25085.3,24885,25043.3,5153725
2024-08-27,25043.05,25095,24980.1,25017.7,4216675
2024-08-28,25019,25145,24981.05,25048.35,5364950
2024-08-29,25014.95,25220.75,24984.5,25156.3,6827725
2024-08-30,25325,25399,25281.7,25376.9,5574725
2024-09-02,25412.05,25420,25295.15,25340.45,5102800
2024-09-03,25338.3,25398,25255.1,25354.55,3239050
2024-09-04,25210.15,25275,25142.35,25247.8,5544900
2024-09-05,25350,25351,25225,25236.75,3922150
2024-09-06,25189.8,25219,24855,24906,10407125
2024-09-09,24865.35,25000.8,24816,24985,5348700
2024-09-10,25034,25174,24919.5,25083,6026375
2024-09-11,25063,25145,24908.45,24938.45,4900075
2024-09-12,25060,25415.95,24987.65,25356.3,10856600
2024-09-13,25400,25433,25300,25372.6,4353225
2024-09-16,25398,25487.85,25367,25442.75,3607250
2024-09-17,25455,25479,25385,25449.8,2732650
2024-09-18,25444.9,25519.2,25301.1,25396.1,4906800
2024-09-19,25480.2,25640,25420,25489.1,7590725
2024-09-20,25552.2,25798.8,25447,25767.75,12207325
2024-09-23,25850.2,25954.1,25850.2,25917.85,6254100
2024-09-24,25901.05,26000,25899.85,25944.7,5635225
2024-09-25,25944.85,26027.95,25878.1,25998.2,4745050
2024-09-26,26024.05,26260.1,26016.5,26216.05,6371700
2024-09-27,26308.8,26402.9,26304.1,26345.15,4796475
2024-09-30,26280,26301.1,25951.25,25990.15,8178600
2024-10-01,25990,26059.95,25890,25969.25,4490425
2024-10-03,25670.1,25818.15,25440,25475.7,11748150
2024-10-04,25400,25631,25129.65,25173.85,11686925
2024-10-07,25260.2,25299,24886.5,24985.55,9806550
2024-10-08,24983.95,25200,24928.6,25131.65,7438625
2024-10-09,25185.05,25357,25050,25083.9,7668750
2024-10-10,25180.2,25269.05,25100,25117.9,4628175
2024-10-11,25115,25150,25001.1,25049.55,3239925
2024-10-14,25060,25259.5,25060,25221.5,3762225
2024-10-15,25259,25287.95,25064.4,25118.35,3970025
2024-10-16,25060,25182.8,24969.15,25048.8,4619000
2024-10-17,25068.7,25074.9,24815.1,24843.8,4825125
2024-10-18,24749.8,24996.75,24640.2,24949.15,6133900
2024-10-21,24975,25030,24722,24788.8,4982350
2024-10-22,24789.7,24939,24507.1,24538.3,6254250
2024-10-23,24471,24676.05,24455.05,24482.65,5243150
2024-10-24,24490.1,24538.95,24388.5,24452,3846700
2024-10-25,24400,24457.6,24068,24192.75,7055475
2024-10-28,24258.3,24492,24161.5,24348.45,6528900
2024-10-29,24368.8,24501.3,24164,24477.7,6497550
2024-10-30,24427.95,24520,24314.95,24371.05,5150225
2024-10-31,24324.95,24335,24183.5,24205.35,5257475
2024-11-01,24419.95,24419.95,24326.25,24383.65,1185275
2024-11-04,24379.8,24379.8,23900.2,24114.65,7947975
2024-11-05,24074.5,24320,23980.25,24295.45,6265400
2024-11-06,24367,24665,24265.55,24587.1,7669325
2024-11-07,24549,24567.45,24280.2,24300.5,6011300
2024-11-08,24334,24415,24155.45,24219.85,4930625
2024-11-11,24150,24434,24092.6,24226.3,5941275
2024-11-12,24266.85,24315,23921.5,23959.6,5251200
2024-11-13,23889,23945,23605,23658.55,6660975
2024-11-14,23649,23756.9,23561.5,23601.7,5672800
2024-11-18,23599.9,23644.95,23390.05,23513.95,5837225
2024-11-19,23600.2,23844,23485.1,23534.8,7311425
2024-11-21,23460.95,23507.15,23277,23348.7,5527525
2024-11-22,23424.75,23959.7,23381.2,23886.55,10552250
2024-11-25,24268,24365,24120,24273.5,7601275
2024-11-26,24349,24349,24132,24217.1,4662550
2024-11-27,24214.9,24380,24157,24299.55,5306500
2024-11-28,24324.95,24354,23837.95,23914.15,8701825
2024-11-29,24139.85,24367.95,24112,24304.15,6582400
2024-12-02,24300,24474.9,24168,24428.5,5743350
2024-12-03,24451.05,24590,24390,24547,5112075
2024-12-04,24549.85,24660,24440,24561.7,5935375
2024-12-05,24597,24930,24396,24764.35,12468000
2024-12-06,24760,24844.9,24700,24783.25,4387775
2024-12-09,24763.95,24780,24651.7,24694.6,3590100
2024-12-10,24709,24769,24595.25,24682.6,4028000
2024-12-11,24679.9,24798.8,24666.35,24734.9,3922400
2024-12-12,24721.95,24797.9,24628,24648.55,3541625
2024-12-13,24593.9,24869,24231,24830.75,11919450
2024-12-16,24800,24833,24660.15,24738.5,4606750
2024-12-17,24669.65,24695,24380,24417.65,7943650
2024-12-18,24369.85,24463.3,24216.25,24257.35,5562100
2024-12-19,24100,24100,23920.6,24018.8,4826575
2024-12-20,23994,24097.95,23575,23625.65,7737600
2024-12-23,23725.05,23901.8,23664.1,23769.75,5785575
2024-12-24,23765.95,23879.85,23716,23770.6,6188850
2024-12-26,23806.4,23869,23633.3,23750.2,5398150
2024-12-27,23940,24127.95,23925,23992.65,4932400
2024-12-30,23971.7,24079.7,23771.5,23816.7,5749600
2024-12-31,23700,23857.75,23602,23805.85,5152450
2025-01-01,23500,23964,23500,23897.85,4393225
2025-01-02,23911,24314,23863.1,24282.65,8475525
2025-01-03,24240,24268.95,24071.4,24092.4,6550100
2025-01-06,24145.1,24150,23660,23721.05,9534850
2025-01-07,23800.2,23890,23738.75,23795.05,4250825
2025-01-08,23800,23839,23593.3,23781.35,5947575
2025-01-09,23759,23759,23612.9,23648.1,4573775
2025-01-10,23625.05,23684.9,23430,23500.65,6542575
2025-01-13,23400,23408.3,23112.1,23162.1,6969550
2025-01-14,23248,23339,23198.45,23271.75,4867475
2025-01-15,23302.05,23345,23201,23265.9,3594750
2025-01-16,23406,23423.9,23346.15,23377.55,4279950
2025-01-17,23344.9,23353.8,23150.1,23267.2,5459700
2025-01-20,23339.95,23449,23220,23400.2,4092800
2025-01-21,23424.95,23460.65,23051.65,23103.2,9710850
2025-01-22,23164,23219.9,23020,23198.95,5294425
2025-01-23,23150,23319.85,23126.9,23263.7,4030550
2025-01-24,23275.1,23375,23071.45,23113.9,6887100
2025-01-27,22972,23028.9,22809,22846.45,6048900
2025-01-28,22948,23158.45,22871,22977.7,8099175
2025-01-29,23034,23185.5,22963.7,23148.25,7453075
2025-01-30,23150,23310,23120,23249.5,6731025
2025-01-31,23490,23644,23411.05,23620.2,6668325
2025-02-01,23584,23715.35,23422.95,23555.55,11320275
2025-02-03,23390,23463.25,23305.35,23442.75,6272700
2025-02-04,23550,23796.75,23496.9,23785.4,10275375
2025-02-05,23825,23853.8,23755,23772.6,3833700
2025-02-06,23822.4,23835,23660,23688.9,4147650
2025-02-07,23712,23794.65,23521,23614.95,7113000
2025-02-10,23589.95,23623,23388,23459.15,5104875
2025-02-11,23421,23470,23060,23153.15,6582450
2025-02-12,23134.4,23236.45,22900,23123.85,9904875
2025-02-13,23119,23310,23066,23107.75,6194475
2025-02-14,23169,23205.5,22846.45,22995.65,8198400
2025-02-17,22945.4,23049,22826.25,23026.4,6971550
2025-02-18,23029.1,23029.1,22838.8,22972.6,5482350
2025-02-19,22900.2,23106.2,22881.15,22964.5,6484800
2025-02-20,22895,22960.95,22855,22942.5,4096575
2025-02-21,22880,22940.25,22757.75,22822.6,7214625
2025-02-24,22674.7,22720.15,22572.15,22612.65,7971900
2025-02-25,22582.2,22646,22561.3,22582.15,7117200
2025-02-27,22580,22605.05,22530.2,22545.05,7250925
2025-02-28,22532.4,22574.75,22233.35,22280.05,9183375
2025-03-03,22341,22376,22140.05,22259.8,6696825
2025-03-04,22115.6,22237,22101,22191.05,4736175
2025-03-05,22200,22498,22168.3,22441.35,6192450
2025-03-06,22541,22638.15,22359,22620.95,8776875
2025-03-07,22598.9,22738,22572.2,22649.95,5674500
2025-03-10,22599.9,22728.15,22486.85,22515.65,5186700
2025-03-11,22419.95,22592.05,22361.55,22564.3,5640000
2025-03-12,22580,22618.8,22380.2,22530.35,5860650
2025-03-13,22550,22615.8,22430.1,22444.25,4934250
2025-03-17,22510.2,22670,22502.3,22584.3,5069925
2025-03-18,22705,22912.7,22672.8,22895.4,6725325
2025-03-19,22934,22993,22872,22972.95,4430925
2025-03-20,23069.9,23232.6,23015,23200.25,7796850
2025-03-21,23195.05,23438,23172,23379.85,6678600
2025-03-24,23482.3,23729.8,23441.5,23699.35,7108125
2025-03-25,23767.1,23893.9,23660,23705.35,8445525
2025-03-26,23735,23761.4,23494.9,23521.9,8309475
2025-03-27,23470,23643.1,23455.05,23591.95,5400525
2025-03-28,23775.05,23801.6,23560,23637.65,7312950
2025-04-01,23530,23668,23290,23321.4,9196575
2025-04-02,23326.95,23459.6,23300,23438.95,4815300
2025-04-03,23215,23411.1,23215,23325.95,5138925
2025-04-04,23229.7,23250,22920.05,22958.15,8108850
2025-04-07,22201.5,22347,21860,22263.8,19669875
2025-04-08,22511.6,22744.9,22341,22630.35,11705175
2025-04-09,22544,22544,22405.05,22479.65,6796425
2025-04-11,22746,23017,22746,22917.65,9054375
2025-04-15,23295,23399.9,23252,23340.9,6692625
2025-04-16,23338,23450,23277.2,23433.5,5351175
2025-04-17,23399.9,23872.7,23330,23851.3,10156575
2025-04-21,23875.9,24194.5,23875.6,24135.5,5800650
2025-04-22,24150,24239.8,24077,24169,6541350
2025-04-23,24310,24351.8,24121.1,24312.7,7435350
2025-04-24,24288,24360,24225,24246.7,4140075
2025-04-25,24465,24511,23975,24139.1,12617250
2025-04-28,24200.2,24489,24140,24452.8,7818600
2025-04-29,24484,24567.9,24396.1,24425.3,5926800
2025-04-30,24369.9,24486,24348.7,24418.4,5205450
2025-05-02,24399.9,24718.3,24310,24400.7,11982600
2025-05-05,24481.1,24630,24471,24553.7,5715825
2025-05-06,24574.8,24576.8,24410,24431.4,4889475
2025-05-07,24343.9,24538.5,24311,24461.4,7486950
2025-05-08,24489,24523.9,24194.1,24271.9,8515275
2025-05-09,24063.4,24215,23984,24065.5,11312175
2025-05-12,24476,25069.9,24410,25044.1,11739525
2025-05-13,24960,25044,24613.5,24640.2,12257100
2025-05-14,24670,24834.4,24572.3,24715.9,6583500
2025-05-15,24733.9,25144.9,24600,25078.7,13966050
2025-05-16,25126.1,25149,25006,25078.7,4664850
2025-05-19,25060.1,25117.2,24952.7,24976.4,3971700
2025-05-20,25040.2,25059.9,24745,24774.6,7239225
2025-05-21,24755.3,25019,24720,24832.2,7813200
2025-05-22,24778,24792.9,24515,24652.2,8540400
2025-05-23,24656.5,24961.7,24634.9,24879.9,7194000
2025-05-26,24950,25123.9,24935.2,25035.9,5650350
2025-05-27,25000,25108.8,24739,24862.6,10978650
2025-05-28,24772.6,24896,24742.5,24762.5,5895825
2025-05-29,24828.6,24900,24661,24833.6,6082575
2025-05-30,24940.2,24987.7,24840,24871.2,5215500
2025-06-02,24799,24869,24610,24826.3,6981225
2025-06-03,24835,24929,24631,24675.3,7913250
2025-06-04,24710,24761,24637.6,24729.4,3822000
2025-06-05,24752.3,25008.8,24716.1,24861.4,7983825
2025-06-06,24854.9,25139,24750,25096.3,8241675
2025-06-09,25205,25234,25147.4,25181.8,3438975
2025-06-10,25222,25249.2,25130,25160.6,3535200
2025-06-11,25179.9,25307,25140,25211.7,4675500
2025-06-12,25210.5,25260,24901.3,24937.4,8957025
2025-06-13,24588,24790,24575.3,24727.4,6749850
2025-06-16,24755.5,25024.8,24735,24996.2,6673500
2025-06-17,24996.1,25003.5,24839.1,24868.8,4572975
2025-06-18,24840.1,24978.8,24786,24826.9,5511675
2025-06-19,24813,24891.4,24751,24803.1,4175250
2025-06-20,24825,25137,24806.5,25111.7,7878450
2025-06-23,24975,25090,24825,24993.3,8312700
2025-06-24,25180.2,25349,25036.2,25071.7,10625700
2025-06-25,25152.1,25290,25130.2,25252.2,5421525
2025-06-26,25302,25564,25272.3,25549,5695875
2025-06-27,25695,25772.3,25635,25750.2,4575900
2025-06-30,25765,25792.4,25575,25614.2,7132650
2025-07-01,25636,25691.4,25596.1,25643.3,3400050
2025-07-02,25659,25695.1,25480,25546.1,5718150
2025-07-03,25551.1,25670,25485.1,25508.6,6714000
2025-07-04,25500.1,25558.6,25410,25540.1,4448175
2025-07-07,25528.9,25574.8,25475.7,25538.9,3127725
2025-07-08,25530,25635,25499.4,25611.9,3018525
2025-07-09,25592.9,25646,25522.8,25558.8,3483525
2025-07-10,25590.8,25595.2,25411.2,25421.9,4966725
2025-07-11,25335,25384,25205,25223.4,5545875
2025-07-14,25234.8,25234.8,25076.3,25167.5,4978425
2025-07-15,25180,25306,25152.1,25265.6,4083675
2025-07-16,25230,25289.9,25162.1,25245.8,3436275
2025-07-17,25260,25275,25165,25174.6,3977025
2025-07-18,25167.9,25170,24981,25032.3,5240100
2025-07-21,24969.2,25139.7,24920.6,25127.6,4273200
2025-07-22,25149.9,25200,25070,25093.9,3099225
2025-07-23,25170.2,25260,25112.3,25252.8,3861300
2025-07-24,25290.1,25290.1,25049,25095.4,4741725
2025-07-25,25011,25024,24831,24850.4,5229675
2025-07-28,24799.9,24925,24667.6,24710.2,5344500
2025-07-29,24636,24859,24630,24838.8,6337950
2025-07-30,24845,24910.6,24786,24869.3,5201475
2025-07-31,24693,24970,24625.1,24768.35,6090375
2025-08-01,24800,24854.9,24601.4,24627.2,6256425
2025-08-04,24630,24812.9,24630,24793.1,4336500
2025-08-05,24774.9,24783.7,24650,24707.8,4060350
2025-08-06,24707.8,24738.9,24616.6,24634.9,3960000
2025-08-07,24539.9,24721,24409,24673.4,7343700
2025-08-08,24669,24694,24413.1,24441.1,5974125
2025-08-11,24455,24646.2,24409.2,24627.9,4765800
2025-08-12,24605.1,24764,24541.6,24554.9,6254175
2025-08-13,24625,24748,24610,24712.2,4373550
2025-08-14,24708.9,24750.9,24657.4,24684.7,3802425
2025-08-18,24906.3,25079,24906.3,24966.8,6684450
2025-08-19,24958,25060.9,24922.3,25033.5,3552900
2025-08-20,24974.9,25108.1,24960,25083.3,4084125
2025-08-21,25111.1,25179,25086,25122.5,4135200
2025-08-22,25094,25099,24887.4,24898.2,5388675
2025-08-25,24950.1,25030,24914.1,24989.7,7277175
2025-08-26,24903,24940,24710,24731.5,8239800
2025-08-28,24689.8,24709.6,24478,24500.9,7030050
2025-08-29,24650,24710,24546,24568.5,5154825
2025-09-01,24581.1,24760,24581,24748,3910500
2025-09-02,24750,24874.7,24651.9,24691.8,5618325
2025-09-03,24680,24837,24638.5,24813.1,4235175
2025-09-04,24926.3,25048.5,24809.7,24827.5,6221325
2025-09-05,24855.3,24927,24720.4,24847.7,5535150
2025-09-08,24888.5,24979,24862.2,24892.7,4474800
2025-09-09,24931.2,24969,24910,24950.3,2780175
2025-09-10,25021.6,25125,25001.1,25072.3,4959600
2025-09-11,25049,25119.5,25048.1,25104.5,2142075
2025-09-12,25126.3,25222.8,25126.3,25205,3118725
2025-09-15,25200.6,25204,25147.3,25164.7,2572575
2025-09-16,25178.7,25354,25152,25331.4,4508175
2025-09-17,25365,25446.7,25362.8,25423.4,3344850
2025-09-18,25480.2,25525,25435.1,25510.9,4050300
2025-09-19,25474,25489.8,25352,25411.2,4724025
2025-09-22,25350,25394.5,25248.6,25277.7,3843900
2025-09-23,25277.7,25333.2,25158,25255.8,4723725
2025-09-24,25206.5,25206.5,25078,25111.9,4835325
2025-09-25,25100,25133,24954.1,24967.7,5792775
2025-09-26,24929.9,24929.9,24663.1,24689.9,7268550
2025-09-29,24755,24844.2,24646.2,24685,7128900
2025-09-30,24714.9,24749,24580,24611.1,4837200
2025-10-01,24751.8,24986.5,24725,24967.2,5739675
2025-10-03,24950.4,25020,24878.6,25006.6,4568925
2025-10-06,24990,25199.1,24973.2,25185.4,5519850
2025-10-07,25198,25318,25180,25225.3,4835025
2025-10-08,25206.9,25289.8,25085,25120.4,5525850
2025-10-09,25150,25291,25124,25273.8,5046225
2025-10-10,25250,25464.3,25250,25411,4421850
2025-10-13,25340,25345.1,25230.3,25309.3,5403150
2025-10-14,25378.1,25378.1,25123.2,25206,6856050
2025-10-15,25261,25460,25250,25424.8,5783925
2025-10-16,25462,25699.4,25460,25656.1,6273900
2025-10-17,25621.8,25849,25592,25757.8,7692150
2025-10-20,25880.2,25969.5,25833,25915.1,5486475
2025-10-21,25960,25975,25865.1,25906.3,1228350
2025-10-23,26161.1,26205,25940,25976.9,8378175
2025-10-24,25980.2,25999,25733,25814.8,6874500
2025-10-27,25901,26065.4,25878,26013.5,7653000
2025-10-28,26009.7,26074.9,25820,25936.2,7170975
2025-10-29,26125,26284.9,26101,26238.7,6121725
2025-10-30,26199.9,26199.9,26010,26031.6,6306750
2025-10-31,26012.1,26116.1,25890,25905.5,6597750
2025-11-03,25890,25942.6,25800,25898.9,4866375
2025-11-04,25874.7,25911,25693,25708.3,5716875
2025-11-06,25740.1,25805,25605,25627.2,4520850
2025-11-07,25545,25656.4,25428.1,25589.2,6912975
2025-11-10,25690,25747,25617.8,25694.5,3666675
2025-11-11,25731,25835,25555,25811.4,6566700
2025-11-12,25925.6,26024,25902.2,25986.1,5277525
2025-11-13,25952,26092.5,25896.2,25953.8,5180100
2025-11-14,25904,25983,25815,25951.4,8090925
2025-11-17,26006,26083,25971,26060.1,4014450
2025-11-18,26020,26042,25905.7,25948.8,5161425
2025-11-19,25940,26090,25887.8,26071,5064975
2025-11-20,26136,26264,26072,26220.8,6642075
2025-11-21,26136.3,26195,26061.3,26077.5,8618175
2025-11-24,26111,26168.8,25955,25996.4,7287900
2025-11-25,25961,26035,25867.4,25884.8,5512575
2025-11-26,26105,26392,26085,26381.2,7316775
2025-11-27,26401.1,26495.6,26317.5,26390.9,4886775
2025-11-28,26341,26459.9,26336.3,26387.4,3054000
2025-12-01,26455.1,26493.8,26301.4,26334.7,4881225
2025-12-02,26278.8,26315,26181,26213,5082450
2025-12-03,26225,26225,26049,26136.2,5513625
2025-12-04,26105,26243.9,26070.2,26186.5,4565550
2025-12-05,26151.9,26370,26151.9,26333.2,5917050
2025-12-08,26325,26325,26030,26064.7,6610950
2025-12-09,25999,26039,25875,25960.2,6816525
2025-12-10,25882.3,26061,25842,25863.9,4982400
2025-12-11,25910,26038.9,25804.1,26009.5,5568525
2025-12-12,26100,26158.5,26040.1,26145.4,4797000
2025-12-15,26070,26132.5,25987.8,26108.7,4520850
2025-12-16,26012,26045,25929.5,25940.7,4859250
2025-12-17,25925,26004.9,25857.1,25897.8,3609300
2025-12-18,25875,25980,25801,25880.6,5114175
2025-12-19,25965,26043.8,25951.1,26030,4671825
2025-12-22,26150,26206.5,26130,26197.9,3584775
2025-12-23,26240,26259,26163,26206.9,3081975
2025-12-24,26228,26269.7,26151.7,26173.1,3309750
2025-12-26,26139,26149,26041,26060.2,5961375
2025-12-29,26080,26100.2,25934.6,25957.2,6473475
2025-12-30,25922,25983.5,25880.1,25938.85,5378625
2025-12-31,26145,26325,26130.2,26296.3,4741230
2026-01-01,26332,26339.6,26261,26290.4,2035735
2026-01-02,26306,26480,26306,26455.4,4165915
2026-01-05,26500,26510,26308.5,26331.3,5166525
2026-01-06,26354,26399,26255,26285.1,4330495
2026-01-07,26234.9,26298,26186,26235.3,3569800
2026-01-08,26190,26210,25965,25985.6,6913790
2026-01-09,25966,26031.6,25725,25788.3,5830435
2026-01-12,25770,25899,25573.2,25876,7919145
2026-01-13,25911,25934.8,25661.1,25790.8,5686330
2026-01-14,25750.1,25850,25670,25719,4592965
2026-01-16,25784,25958,25722,25751.5,6013995
2026-01-19,25626,25680,25530,25596,4856605
2026-01-20,25600,25604.8,25224.6,25259.2,6389500
2026-01-21,25236.5,25340,24961,25178.2,10363145
2026-01-22,25330,25475,25200,25349.8,10481055
2026-01-23,25379.9,25379.9,25045.7,25079.8,7055490
2026-01-27,25184,25205,24957,25175.4,6903260
2026-01-28,25435,25490,25300.1,25450.4,7094555
2026-01-29,25400,25564.8,25262.5,25536.3,9029150
2026-01-30,25412.5,25468.8,25298,25416.4,6958250
2026-02-01,25425,25524.4,24635.9,24853.5,14454050
2026-02-02,24800,25159,24758.5,25141.8,9239490
2026-02-03,26200,26320,25725,25817.1,18162300
2026-02-04,25735.5,25910,25710,25848.8,4942600
2026-02-05,25799,25812.7,25670,25725,4359940
2026-02-06,25643,25745,25567.2,25735.1,5486455
2026-02-09,25921,25940.9,25854.5,25915.4,4135365
2026-02-10,25961,26044,25940.5,25985.6,3842930
2026-02-11,26050,26068,25955,25994.2,3451370
2026-02-12,25950,25966.5,25820,25858.2,3910010
2026-02-13,25724.9,25724.9,25476.5,25518.8,5808530
2026-02-16,25455,25728,25430,25717.2,4216030
2026-02-17,25643,25777,25582.5,25739.4,4085185
2026-02-18,25752,25844.8,25660,25827.8,3778190
2026-02-19,25848.8,25877,25402.4,25446,6179940
2026-02-20,25415.1,25688,25389.7,25584.7,6905405
2026-02-23,25686,25779.9,25593.3,25705.2,8002605
2026-02-24,25616.3,25640.4,25341,25424.65,5743855
2026-02-25,25655,25817.8,25571.2,25628.8,5763030
2026-02-26,25680,25725,25538,25635.8,3905720
2026-02-27,25570,25580,25286.1,25341,5977920
2026-03-02,25100,25151,24743.4,24982.2,9156615
2026-03-04,24450,24700,24427,24584.7,10549695
2026-03-05,24659,24970.5,24625,24832,7632625
2026-03-06,24689.9,24777,24500,24545.7,5861830
2026-03-09,23845,24204.7,23804,24122.5,11435840
2026-03-10,24286.6,24419.6,24158.9,24393.6,7045025
2026-03-11,24339,24375,23912,23939.1,7955350
2026-03-12,23720,23925,23640,23728.5,8812115
2026-03-13,23499,23570.1,23155.1,23199.3,11655605
2026-03-16,23235.1,23534.1,23025,23429.2,11270870
2026-03-17,23520,23670,23372.6,23617.4,7557355
2026-03-18,23662.1,23875.7,23648.8,23776.4,6840015
2026-03-19,23340,23391.4,22940.2,23054.8,9348170
2026-03-20,23180,23378,23069.1,23140.5,8900580
2026-03-23,22821,22839.9,22471,22514.9,8772270
2026-03-24,22840,23040,22617,23009.5,7622355