time,open,high,low,close,Up Trend,Down Trend
2016-03-21,37769,38291,36621,36669,,39702.80667624056
2016-03-28,36600,36901,35419,35922,,39702.80667624056
2016-04-04,35995,36699,35551,36671,,39702.80667624056
2016-04-11,36750,38647,36715,38507,,39702.80667624056
2016-04-18,38251,41421,38150,39985,33065.431192577125,
2016-04-25,40300,42650,39691,42298,34109.36911307198,
2016-05-02,42319,42745,41065,41731,34866.611172200515,
2016-05-09,41555,41850,40253,40974,34866.611172200515,
2016-05-16,41260,41495,39621,39834,34866.611172200515,
2016-05-23,39761,39822,38778,38866,34866.611172200515,
2016-05-30,38501,39291,38270,39079,34866.611172200515,
2016-06-06,39203,41140,38715,41068,34866.611172200515,
2016-06-13,40898,42441,40751,41362,34866.611172200515,
2016-06-20,41162,42990,40911,42392,34999.2556607251,
2016-06-27,42173,46494,41852,46403,36447.305283343434,
2016-07-04,46528,48932,45840,47487,39350.81826445387,
2016-07-11,47900,48611,47000,47275,39876.397046823615,
2016-07-18,47036,47260,45598,46321,39876.397046823615,
2016-07-25,46150,48122,45801,47480,39876.397046823615,
2016-08-01,47588,48445,46154,46225,39876.397046823615,
2016-08-08,46110,47635,45877,46125,39876.397046823615,
2016-08-16,46523,46820,45150,45444,39876.397046823615,
2016-08-22,45258,45258,43521,43977,39876.397046823615,
2016-08-29,43866,46050,43559,46015,39876.397046823615,
2016-09-05,46110,47694,46110,46194,39876.397046823615,
2016-09-12,46100,46100,45051,45273,39876.397046823615,
2016-09-19,45620,47635,45620,46817,39876.397046823615,
2016-09-26,46800,46889,45234,45726,39876.397046823615,
2016-10-03,45550,45891,41060,41865,39876.397046823615,
2016-10-10,42100,42579,41567,41821,39876.397046823615,
2016-10-17,41826,42477,41627,41958,39876.397046823615,
2016-10-24,41997,42650,41925,42459,39876.397046823615,
2016-10-31,42506,44200,42336,43398,39876.397046823615,
2016-11-07,43106,44790,41899,42194,39876.397046823615,
2016-11-14,41543,41680,40130,40388,39876.397046823615,
2016-11-21,40467,41093,39860,40498,39876.397046823615,
2016-11-28,41050,41616,40505,41339,39876.397046823615,
2016-12-05,41269,41999,40747,41221,39876.397046823615,
2016-12-12,41238,41970,39120,39694,,48096.15594874761
2016-12-19,39600,39763,38544,38595,,46526.3122188311
2016-12-26,38740,39875,38325,39049,,46394.624737575694
2017-01-02,39174,40678,39007,40342,,46394.624737575694
2017-01-09,40330,41319,40222,40887,,46394.624737575694
2017-01-16,41277,42086,40850,41425,,46394.624737575694
2017-01-23,41241,41929,40470,41432,,46394.624737575694
2017-01-30,41516,42468,41300,41797,,46394.624737575694
2017-02-06,41888,42736,41793,42597,,46394.624737575694
2017-02-13,42629,43131,42222,42937,,46394.624737575694
2017-02-20,42650,43425,42415,43353,,46394.624737575694
2017-02-27,43737,44151,42350,42532,,46394.624737575694
2017-03-06,42780,42799,40420,40528,,46394.624737575694
2017-03-13,40680,41235,39808,40909,,46394.624737575694
2017-03-20,41051,41618,40705,41530,,46394.624737575694
2017-03-27,41650,42440,41650,42326,,46394.624737575694
2017-04-03,42310,42820,41128,41379,,46394.624737575694
2017-04-10,41357,42694,41006,42571,,46394.624737575694
2017-04-17,42750,42750,41100,41289,,46394.624737575694
2017-04-24,41083,41190,39400,39503,,46394.624737575694
2017-05-01,39849,39975,37827,38018,,45319.18617792095
2017-05-08,38099,38293,37720,38155,,44149.60709939289
2017-05-15,38231,39375,38231,39111,,44149.60709939289
2017-05-22,39177,40245,39123,40091,,44149.60709939289
2017-05-29,40101,40470,39333,40274,,44149.60709939289
2017-06-05,40357,40842,39558,39694,,44149.60709939289
2017-06-12,39551,39821,38430,38481,,44149.60709939289
2017-06-19,38423,38690,37811,38488,,43896.546509013715
2017-06-26,38130,39330,37925,38783,,43896.546509013715
2017-07-03,38738,38814,35980,36231,,43420.75607007417
2017-07-10,36226,37244,35460,36970,,42449.90566540256
2017-07-17,37198,38170,37060,38150,,42449.90566540256
2017-07-24,38150,38699,37652,38460,,42449.90566540256
2017-07-31,38442,38820,37052,37262,,42449.90566540256
2017-08-07,37117,39520,36935,39194,,42449.90566540256
2017-08-14,39186,39677,38305,39063,,42449.90566540256
2017-08-21,38887,39288,38313,39012,,42449.90566540256
2017-08-28,39090,40970,39060,40926,,42449.90566540256
2017-09-04,41237,41927,41160,41570,,42449.90566540256
2017-09-11,41250,41590,40731,40814,,42449.90566540256
2017-09-18,40667,40684,39515,39727,,42449.90566540256
2017-09-25,39601,40595,39309,39457,,42449.90566540256
2017-10-03,39314,39828,38710,39596,,42449.90566540256
2017-10-09,39939,40479,39782,40399,,42449.90566540256
2017-10-16,40404,40632,39624,39877,,42449.90566540256
2017-10-23,39750,40040,38925,39149,,42449.90566540256
2017-10-30,39124,39900,38688,39048,,42449.90566540256
2017-11-06,39133,40100,39124,39507,,42449.90566540256
2017-11-13,39551,40208,39445,40013,,42449.90566540256
2017-11-20,40051,40051,39162,39241,,42449.90566540256
2017-11-27,39426,39494,38127,38446,,42449.90566540256
2017-12-04,38400,38402,36872,37055,,42449.90566540256
2017-12-11,37081,37548,36672,37205,,42126.74220392319
2017-12-18,37340,38058,37276,37954,,42126.74220392319
2017-12-26,37980,39313,37980,39237,,42126.74220392319
2018-01-01,39089,39372,38900,39253,,42126.74220392319
2018-01-08,39245,39300,38666,39063,,42126.74220392319
2018-01-15,39325,39693,38573,38969,,42126.74220392319
2018-01-22,38883,40180,38402,39960,,42126.74220392319
2018-01-29,39850,39850,38475,38651,,42126.74220392319
2018-02-05,38480,39114,37540,37578,,42126.74220392319
2018-02-12,37785,38870,37777,38665,,42126.74220392319
2018-02-19,38557,38770,38087,38403,,42126.74220392319
2018-02-26,38576,39070,38060,38848,,42126.74220392319
2018-03-05,38918,39499,38550,38947,,42126.74220392319
2018-03-12,38925,39076,38171,38358,,42126.74220392319
2018-03-19,38294,38989,38101,38874,,42126.74220392319
2018-03-26,38844,39181,38180,38322,,42126.74220392319
2018-04-02,38378,39054,37940,38235,,42126.74220392319
2018-04-09,38359,39459,38191,38927,,42126.74220392319
2018-04-16,39039,40769,38855,40479,,42126.74220392319
2018-04-23,40287,40345,38975,39004,,42126.74220392319
2018-04-30,39602,39870,38886,39734,,42126.74220392319
2018-05-07,39866,40710,39530,40541,,42126.74220392319
2018-05-14,40440,40531,39604,40195,,42126.74220392319
2018-05-21,40178,40916,39890,40267,,42126.74220392319
2018-05-28,40203,40220,39482,39537,,42126.74220392319
2018-06-04,39543,40714,39461,40412,,42126.74220392319
2018-06-11,40650,41698,40141,40199,,42126.74220392319
2018-06-18,40175,40332,39391,39796,,42126.74220392319
2018-06-25,39700,40019,39027,39921,,42126.74220392319
2018-07-02,39800,40050,39269,39766,,42126.74220392319
2018-07-09,39908,40170,38833,39046,,42126.74220392319
2018-07-16,39124,39238,37873,38457,,42126.74220392319
2018-07-23,38420,38691,38003,38326,,42126.74220392319
2018-07-30,38250,38437,37736,38072,,42126.74220392319
2018-08-06,38099,38186,37774,37968,,42126.74220392319
2018-08-13,38040,38159,36423,36778,,41668.62613764423
2018-08-20,36920,37172,36534,37004,,41108.91772846794
2018-08-27,37020,38030,36950,37482,,41108.91772846794
2018-09-03,37450,37650,36641,37167,,41108.91772846794
2018-09-10,37195,37527,36910,36993,,41108.91772846794
2018-09-17,37200,37845,37136,37590,,41108.91772846794
2018-09-24,37489,38634,37375,38577,,41108.91772846794
2018-10-01,38500,39360,38055,39274,,41108.91772846794
2018-10-08,39100,39100,38336,38918,,41108.91772846794
2018-10-15,39050,39444,38525,38796,,41108.91772846794
2018-10-22,38841,39268,38571,38712,,41108.91772846794
2018-10-29,38819,38972,38001,38620,,41108.91772846794
2018-11-05,38547,38720,36689,36880,,41108.91772846794
2018-11-12,37010,37155,36036,36991,,40925.08291030702
2018-11-19,37006,37090,35776,36061,,40824.34404961989
2018-11-26,36263,36890,35704,36025,,40711.854446311896
2018-12-03,36605,38000,36531,37972,,40711.854446311896
2018-12-10,37907,38660,37700,38054,,40711.854446311896
2018-12-17,37965,38208,37185,37256,,40711.854446311896
2018-12-24,37325,38880,37305,38706,,40711.854446311896
2018-12-31,38798,39670,38550,39173,,40711.854446311896
2019-01-07,39224,39761,38889,39336,,40711.854446311896
2019-01-14,39305,39770,39107,39198,,40711.854446311896
2019-01-21,39155,39700,38733,39670,,40711.854446311896
2019-01-28,39885,40786,39665,40576,,40711.854446311896
2019-02-04,40505,40716,39725,40105,,40711.854446311896
2019-02-11,40011,40049,39256,39962,,40711.854446311896
2019-02-18,40080,40938,40038,40268,,40711.854446311896
2019-02-25,40270,40888,38984,39035,,40711.854446311896
2019-03-04,38827,38932,37889,38728,,40711.854446311896
2019-03-11,38664,38950,37900,38087,,40711.854446311896
2019-03-18,38000,38547,37750,38362,,40711.854446311896
2019-03-25,38410,38622,37279,37761,,40711.854446311896
2019-04-01,37807,37836,37000,37519,,40711.854446311896
2019-04-08,37690,38150,36889,37220,,40711.854446311896
2019-04-15,37130,37469,36891,37230,,40711.854446311896
2019-04-22,37325,38281,36830,38112,,40711.854446311896
2019-04-30,37933,37933,36620,37391,,40711.854446311896
2019-05-06,37262,37670,37051,37354,,40711.854446311896
2019-05-13,37305,37762,36528,36577,,40711.854446311896
2019-05-20,36450,36740,36056,36384,,40698.44342971634
2019-05-27,36468,36710,35826,36449,,40517.48053440191
2019-06-03,36610,37587,36400,37344,,40517.48053440191
2019-06-10,37299,37685,36470,37035,,40517.48053440191
2019-06-17,37151,38590,36950,37954,,40517.48053440191
2019-06-24,38099,38323,37405,37452,,40517.48053440191
2019-07-01,37902,38940,37462,37915,,40517.48053440191
2019-07-08,37951,38500,37853,38390,,40517.48053440191
2019-07-15,38300,41627,38258,40682,36184.221707788165,
2019-07-22,41002,41825,40818,41152,36353.34239973277,
2019-07-29,41230,41614,40285,41364,36353.34239973277,
2019-08-05,41519,43950,41519,43324,37386.309379322774,
2019-08-12,43411,44584,42042,43824,37643.48875403459,
2019-08-19,43552,44627,43154,44602,38206.15617043228,
2019-08-26,45086,48236,44765,47723,40226.045759070126,
2019-09-02,48132,51489,47480,47885,42559.27604179879,
2019-09-09,47750,48190,45620,45761,42559.27604179879,
2019-09-16,46100,47468,45900,46465,42559.27604179879,
2019-09-23,46705,48320,44655,45517,42559.27604179879,
2019-09-30,45270,45995,43969,45379,42559.27604179879,
2019-10-07,45549,46443,44880,45171,42559.27604179879,
2019-10-14,45235,46020,44700,45453,42559.27604179879,
2019-10-22,45340,47250,45115,46491,42559.27604179879,
2019-10-28,46526,46894,45556,46392,42559.27604179879,
2019-11-04,46556,46900,43467,43872,42559.27604179879,
2019-11-11,44100,44888,43606,44445,42559.27604179879,
2019-11-18,44355,45018,43907,44480,42559.27604179879,
2019-11-25,44450,45164,43901,45055,42559.27604179879,
2019-12-02,44949,45678,43470,43545,42559.27604179879,
2019-12-09,43575,44630,43406,44126,42559.27604179879,
2019-12-16,44132,45097,44108,44904,42559.27604179879,
2019-12-23,45051,47232,45051,46966,42559.27604179879,
2019-12-30,46139,47924,46139,47527,42559.27604179879,
2020-01-06,48300,48925,46310,46911,42559.27604179879,
2020-01-13,46810,46970,45811,46756,42559.27604179879,
2020-01-20,46708,47025,45734,46935,42559.27604179879,
2020-01-27,47225,47595,45257,46989,42559.27604179879,
2020-02-03,46669,46690,45356,46106,42559.27604179879,
2020-02-10,46097,46319,45406,46227,42559.27604179879,
2020-02-17,46380,48589,46021,48304,42559.27604179879,
2020-02-24,48607,49516,43957,44403,42559.27604179879,
2020-03-02,45200,47870,44765,46969,42559.27604179879,
2020-03-09,47041,47077,40400,40487,,51192.80334703886
2020-03-16,40962,41099,33580,35843,,48428.43669157914
2020-03-23,36409,41920,35700,40894,,48428.43669157914
2020-03-30,40000,41383,39300,41223,,48428.43669157914
2020-04-06,42871,43987,42708,43502,,48428.43669157914
2020-04-13,43587,44584,42506,42806,,48428.43669157914
2020-04-20,43133,43133,40775,42051,,48428.43669157914
2020-04-27,42228,43280,41001,41597,,48428.43669157914
2020-05-04,41728,43800,40951,43293,,48428.43669157914
2020-05-11,43347,46855,42739,46718,,48428.43669157914
2020-05-18,47190,49499,46822,48338,,48428.43669157914
2020-05-25,48171,50174,46958,50118,36941.23182490841,
2020-06-01,50587,51235,47079,47351,37198.949703247854,
2020-06-08,47652,49600,47500,47690,37198.949703247854,
2020-06-15,47533,48999,46436,48636,37198.949703247854,
2020-06-22,49088,49261,46833,48365,37198.949703247854,
2020-06-29,49445,50891,48450,49177,38235.43502814754,
2020-07-06,49087,52144,48865,51362,38957.37269293771,
2020-07-13,51780,53199,51780,52899,41222.31451340853,
2020-07-20,52819,62400,52735,61223,44474.12687918129,
2020-07-27,63671,67560,61597,64984,50668.15175390254,
2020-08-03,65656,77949,65120,74160,55094.17497030904,
2020-08-10,75314,76219,60910,67171,55094.17497030904,
2020-08-17,67106,71350,65006,67067,55094.17497030904,
2020-08-24,66589,67826,63153,65976,55094.17497030904,
2020-08-31,70003,73254,66225,67266,55094.17497030904,
2020-09-07,68232,69768,66155,67928,55094.17497030904,
2020-09-14,68485,69887,66650,67877,55094.17497030904,
2020-09-21,67888,67888,56020,59027,55094.17497030904,
2020-09-28,58513,62598,57652,61145,55094.17497030904,
2020-10-05,60737,63242,59338,62884,55094.17497030904,
2020-10-12,63839,64122,59820,61676,55094.17497030904,
2020-10-19,61462,64070,61177,62449,55094.17497030904,
2020-10-26,61720,62580,58381,60865,55094.17497030904,
2020-11-02,61422,66244,60800,65335,55094.17497030904,
2020-11-09,65900,66478,60560,63801,55094.17497030904,
2020-11-16,64010,64089,60710,62158,55094.17497030904,
2020-11-23,62119,62300,57877,58984,55094.17497030904,
2020-11-30,59247,64567,58880,63813,55094.17497030904,
2020-12-07,63643,65817,62380,63735,55094.17497030904,
2020-12-14,63482,68431,62720,67907,55094.17497030904,
2020-12-21,68958,71650,65604,67509,55094.17497030904,
2020-12-28,69000,69800,67700,68123,55094.17497030904,
2021-01-04,68499,71550,63719,64231,55094.17497030904,
2021-01-11,63603,66848,63603,64764,55094.17497030904,
2021-01-18,65055,67848,64785,66642,55094.17497030904,
2021-01-25,66896,71290,65051,69706,55094.17497030904,
2021-02-01,71650,74426,66320,68738,55094.17497030904,
2021-02-08,68700,70757,68189,69117,55094.17497030904,
2021-02-15,69300,70864,67530,69012,55094.17497030904,
2021-02-22,69337,70699,66505,67261,55094.17497030904,
2021-03-01,69854,69872,64875,65603,55094.17497030904,
2021-03-08,66455,68099,65247,66844,55094.17497030904,
2021-03-15,67226,68470,66801,67527,55094.17497030904,
2021-03-22,67000,67000,63411,64805,55094.17497030904,
2021-03-29,64311,65155,62500,65089,55094.17497030904,
2021-04-05,64800,67735,64473,66983,55094.17497030904,
2021-04-12,66786,69271,65961,68684,55094.17497030904,
2021-04-19,68456,70425,67955,68674,55094.17497030904,
2021-04-26,69086,69932,67550,68366,55094.17497030904,
2021-05-03,68807,72231,68607,71429,55094.17497030904,
2021-05-10,71507,72699,70085,71085,55945.75601544461,
2021-05-17,71900,74222,70510,71049,56959.63894774831,
2021-05-24,71517,72779,70576,71611,56959.63894774831,
2021-05-31,72000,73582,69800,71539,56959.63894774831,
2021-06-07,71320,72798,70836,72227,57314.81134003596,
2021-06-14,72000,72094,67505,67598,57314.81134003596,
2021-06-21,67647,68526,66628,67873,57314.81134003596,
2021-06-28,68014,70360,67700,70188,57314.81134003596,
2021-07-05,70445,70960,68425,69297,57314.81134003596,
2021-07-12,69000,70017,68082,68319,57314.81134003596,
2021-07-19,68121,68121,66286,67024,57314.81134003596,
2021-07-26,67156,68490,65656,67847,57314.81134003596,
2021-08-02,67812,68872,64639,65000,57314.81134003596,
2021-08-09,64710,64710,61536,63238,57314.81134003596,
2021-08-16,63141,63866,61227,61721,57314.81134003596,
2021-08-23,62144,63751,61878,63585,57314.81134003596,
2021-08-30,64085,65605,62828,65209,57314.81134003596,
2021-09-06,65377,65513,63479,63592,57314.81134003596,
2021-09-13,63474,63667,59888,59992,57314.81134003596,
2021-09-20,59531,61400,59222,59955,57314.81134003596,
2021-09-27,60626,61126,58150,60550,57314.81134003596,
2021-10-04,60517,62708,60070,61801,57314.81134003596,
2021-10-11,61500,63825,61211,63271,57314.81134003596,
2021-10-18,63235,66752,62804,65656,57314.81134003596,
2021-10-25,65770,66430,64035,64534,57314.81134003596,
2021-11-01,64449,64980,62002,64332,57314.81134003596,
2021-11-08,64602,67399,64147,67144,57314.81134003596,
2021-11-15,66669,67446,65300,65556,57314.81134003596,
2021-11-22,65458,66056,61734,62045,57314.81134003596,
2021-11-29,63490,63747,60610,61516,57314.81134003596,
2021-12-06,61606,62040,60322,61151,57314.81134003596,
2021-12-13,61300,62447,60050,62137,57314.81134003596,
2021-12-20,61901,62489,61182,62298,57314.81134003596,
2021-12-27,62187,63239,61223,62660,57314.81134003596,
2022-01-03,62465,62638,60012,60607,57314.81134003596,
2022-01-10,60404,62385,60251,61603,57314.81134003596,
2022-01-17,61666,65499,61652,64806,57314.81134003596,
2022-01-24,64553,64990,60758,61034,57314.81134003596,
2022-01-31,61101,62220,59951,60849,57314.81134003596,
2022-02-07,61337,63594,61337,62988,57314.81134003596,
2022-02-14,63100,64600,62525,63902,57314.81134003596,
2022-02-21,63700,68097,63271,64023,57314.81134003596,
2022-02-28,65797,69316,65267,69160,57314.81134003596,
2022-03-07,70297,73078,68932,70370,58360.05332462978,
2022-03-14,70000,70398,67117,67876,58360.05332462978,
2022-03-21,68120,69748,67150,68836,58360.05332462978,
2022-03-28,68511,68566,65299,66733,58360.05332462978,
2022-04-04,66735,67135,65855,66992,58360.05332462978,
2022-04-11,66980,69580,66908,69032,58360.05332462978,
2022-04-18,69499,70738,66103,66546,58360.05332462978,
2022-04-25,66000,66040,63556,64349,58360.05332462978,
2022-05-02,63720,64211,61914,62548,58360.05332462978,
2022-05-09,62450,62649,58192,59332,58360.05332462978,
2022-05-16,59437,61999,59300,61407,58360.05332462978,
2022-05-23,61700,62887,61060,62116,58360.05332462978,
2022-05-30,62277,62936,60502,61669,58360.05332462978,
2022-06-06,62199,63029,60250,61929,58360.05332462978,
2022-06-13,61700,61720,59358,60937,58360.05332462978,
2022-06-20,61057,61690,58605,59749,58360.05332462978,
2022-06-27,60250,60729,57537,58175,,71055.57605812377
2022-07-04,58400,58978,56100,57131,,69434.20432091552
2022-07-11,57069,57374,54506,55587,,67806.99069952115
2022-07-18,56120,56370,54151,55131,,66928.09131955309
2022-07-25,54976,58435,54160,58370,,66928.09131955309
2022-08-01,58032,58835,56609,57364,,66928.09131955309
2022-08-08,57398,59420,57311,59276,,66928.09131955309
2022-08-16,58501,58501,55256,55496,,66928.09131955309
2022-08-22,55237,55865,54470,54780,,66641.15659107466
2022-08-29,54230,55017,51857,53022,,64988.41281833634
2022-09-05,53177,55192,52637,55050,,64988.41281833634
2022-09-12,55140,58350,55059,56720,,64988.41281833634
2022-09-19,56864,58497,56023,56233,,64988.41281833634
2022-09-26,55800,57346,54355,56858,,64988.41281833634
2022-10-03,57162,62370,55280,60785,,64988.41281833634
2022-10-10,60000,60000,54911,55226,,64988.41281833634
2022-10-17,55697,57698,55551,57613,,64988.41281833634
2022-10-24,57700,58520,56783,57480,,64988.41281833634
2022-10-31,57307,60740,57049,60538,,64988.41281833634
2022-11-07,60244,62778,60000,61571,,64988.41281833634
2022-11-14,61619,63045,60551,60875,,64988.41281833634
2022-11-21,60580,62460,60164,61676,,64988.41281833634
2022-11-28,61429,66750,60737,66449,50640.82485142574,
2022-12-05,67022,68270,65070,68038,53587.50319466403,
2022-12-12,67490,69575,66736,67650,55188.102981686425,
2022-12-19,67849,70062,67159,69033,55733.46278290733,
2022-12-26,68201,70335,68201,69413,56680.36526404684,
2023-01-02,69503,71120,67830,69155,56849.20757977705,
2023-01-09,69500,69835,67631,69427,56849.20757977705,
2023-01-16,69500,70077,67425,68547,56849.20757977705,
2023-01-23,68989,69100,66769,68329,56849.20757977705,
2023-01-30,68438,72769,67406,67576,57402.420185377094,
2023-02-06,67776,68185,66258,66664,57402.420185377094,
2023-02-13,66275,66674,64400,65631,57402.420185377094,
2023-02-20,65933,66200,63201,63433,57402.420185377094,
2023-02-27,64154,65066,63214,64401,57402.420185377094,
2023-03-06,64657,65000,61353,62890,57402.420185377094,
2023-03-13,63623,68720,63348,68501,57402.420185377094,
2023-03-20,68349,71481,68127,70411,57402.420185377094,
2023-03-27,70251,72611,69555,72218,58324.797723623495,
2023-04-03,71811,75175,71437,74570,60401.54454204859,
2023-04-10,74057,77549,74057,75677,62827.641572578694,
2023-04-17,75506,76300,73905,74654,62827.641572578694,
2023-04-24,74512,75077,73063,74071,62827.641572578694,
2023-05-01,75888,78292,74480,77047,63653.341177823975,
2023-05-08,77248,78120,72506,73054,63653.341177823975,
2023-05-15,73188,73675,71811,73321,63653.341177823975,
2023-05-22,73100,73381,70156,71229,63653.341177823975,
2023-05-29,71550,72999,70484,72020,63653.341177823975,
2023-06-05,71901,74324,71188,73796,63653.341177823975,
2023-06-12,73551,73890,70715,72688,63653.341177823975,
2023-06-19,72540,72977,67515,68083,63653.341177823975,
2023-06-26,68599,70314,68599,70030,63653.341177823975,
2023-07-03,70060,71661,69802,71310,63653.341177823975,
2023-07-10,71284,76137,70410,75968,63653.341177823975,
2023-07-17,75510,76674,74810,74970,63653.341177823975,
2023-07-24,74800,76147,73250,74059,63653.341177823975,
2023-07-31,74040,75500,71560,72478,63653.341177823975,
2023-08-07,72280,72352,69650,69976,63653.341177823975,
2023-08-14,69841,70891,69376,70235,63653.341177823975,
2023-08-21,70425,74084,70230,73549,63653.341177823975,
2023-08-28,73668,77200,73170,75089,63653.341177823975,
2023-09-04,75099,75280,71490,71563,63653.341177823975,
2023-09-11,71711,72649,70062,72154,63653.341177823975,
2023-09-18,72222,73781,71370,73337,63653.341177823975,
2023-09-25,73251,73636,69754,69857,63653.341177823975,
2023-10-03,69255,69255,65666,68170,63653.341177823975,
2023-10-09,68740,71486,68525,71287,63653.341177823975,
2023-10-16,71200,73599,70600,72915,63653.341177823975,
2023-10-23,72645,72837,70750,71717,63653.341177823975,
2023-10-30,71839,73390,70880,72252,63653.341177823975,
2023-11-06,72230,72388,69963,70032,63653.341177823975,
2023-11-13,69500,74000,69053,73140,63653.341177823975,
2023-11-20,72997,73975,72060,73884,63653.341177823975,
2023-11-27,74500,78240,74114,78087,63653.341177823975,
2023-12-04,78150,78549,72460,72518,63653.341177823975,
2023-12-11,72539,75319,71234,74525,63653.341177823975,
2023-12-18,74525,76046,74059,75386,63653.341177823975,
2023-12-26,75648,75825,73641,74430,63653.341177823975,
2024-01-01,74279,75000,71627,72587,63653.341177823975,
2024-01-08,72457,73245,71158,72480,63653.341177823975,
2024-01-15,72796,72842,71148,71460,63653.341177823975,
2024-01-22,71251,72225,70351,71773,63653.341177823975,
2024-01-29,71854,72705,70755,71208,63653.341177823975,
2024-02-05,70776,71180,69880,70774,63653.341177823975,
2024-02-12,71023,72180,69128,72112,63653.341177823975,
2024-02-19,71395,71650,69795,70479,63653.341177823975,
2024-02-26,70182,72350,68854,72278,63653.341177823975,
2024-03-04,72230,74841,71905,74262,63653.341177823975,
2024-03-11,74181,76049,73583,75650,63653.341177823975,
2024-03-18,75400,78323,74298,74787,64625.291222791406,
2024-03-25,74939,75296,74280,75048,64625.291222791406,
2024-04-01,75450,81030,75010,80863,65982.68035407607,
2024-04-08,81595,86126,80728,82813,70752.70166380433,
2024-04-15,82799,84322,82736,83507,71276.72155288405,
2024-04-22,82500,82500,79361,80680,71276.72155288405,
2024-04-29,82347,82690,80275,81043,71276.72155288405,
2024-05-06,81750,85812,81603,84910,71276.72155288405,
2024-05-13,84598,92536,84377,91024,74336.47383062901,
2024-05-20,92394,95950,90250,90548,78401.30890858707,
2024-05-27,91479,96493,91355,91570,78619.88831468126,
2024-06-03,91125,94610,88727,89089,78619.88831468126,
2024-06-10,89355,91190,87363,89090,78619.88831468126,
2024-06-17,88561,91850,87851,89139,78619.88831468126,
2024-06-24,89176,89455,86156,87167,78619.88831468126,
2024-07-01,89453,94186,89035,93554,78619.88831468126,
2024-07-08,93295,94590,92025,93109,78619.88831468126,
2024-07-15,92903,94054,89270,89646,78619.88831468126,
2024-07-22,89641,89744,80666,81371,78619.88831468126,
2024-07-29,81711,84700,80271,82493,78619.88831468126,
2024-08-05,83205,83405,78270,80543,78619.88831468126,
2024-08-12,80425,83380,79800,83213,78619.88831468126,
2024-08-19,83750,85840,83345,85211,78619.88831468126,
2024-08-26,84924,87078,83650,85210,78619.88831468126,
2024-09-02,84910,85945,82320,82757,78619.88831468126,
2024-09-09,82967,89825,82251,89180,78619.88831468126,
2024-09-16,89893,90743,88122,90135,78619.88831468126,
2024-09-23,90177,94138,88341,91398,78619.88831468126,
2024-09-30,91519,95388,90200,93349,78619.88831468126,
2024-10-07,93161,93305,88222,91690,78619.88831468126,
2024-10-14,91239,95521,89705,95402,78619.88831468126,
2024-10-21,97190,100081,95620,97134,79520.3005025153,
2024-10-28,96666,99332,94320,95483,79520.3005025153,
2024-11-04,94791,95332,90020,91269,79520.3005025153,
2024-11-11,91003,91640,86844,88421,79520.3005025153,
2024-11-18,89200,91450,88942,90768,79520.3005025153,
2024-11-25,90333,91886,86833,91209,79520.3005025153,
2024-12-02,90555,93633,89851,92448,79520.3005025153,
2024-12-09,92270,96589,90420,91001,79520.3005025153,
2024-12-16,91013,91571,86447,88392,79520.3005025153,
2024-12-23,88800,90249,88568,88887,79520.3005025153,
2024-12-30,88967,90017,87060,89221,79520.3005025153,
2025-01-06,89326,93643,88737,92506,79520.3005025153,
2025-01-13,92329,93660,89910,91602,79520.3005025153,
2025-01-20,91999,92638,90283,91599,79520.3005025153,
2025-01-27,91388,94400,89369,93214,79520.3005025153,
2025-02-03,92699,96632,91725,95333,79520.3005025153,
2025-02-10,95200,98199,92914,95586,79520.3005025153,
2025-02-17,95629,97763,94892,96200,79520.3005025153,
2025-02-24,95906,96488,93196,94328,79520.3005025153,
2025-03-03,94600,98324,94523,97201,79552.79152638654,
2025-03-10,97451,101999,96355,100738,81925.93875796077,
2025-03-17,100358,101980,97147,97884,82173.70950743006,
2025-03-24,98179,102040,97370,100457,82229.19554026806,
2025-03-31,100547,100975,86223,87211,82229.19554026806,
2025-04-07,88884,94894,87678,94286,82229.19554026806,
2025-04-14,94746,96965,93575,95037,82229.19554026806,
2025-04-21,95600,98080,94417,96441,82229.19554026806,
2025-04-28,95869,98884,93273,94064,82229.19554026806,
2025-05-05,94246,97044,93935,96729,82229.19554026806,
2025-05-12,96210,97666,93800,95318,82229.19554026806,
2025-05-19,95499,99365,94899,98054,82229.19554026806,
2025-05-26,97878,98449,96496,97015,82229.19554026806,
2025-06-02,97376,106138,97122,105459,82229.19554026806,
2025-06-09,105460,107369,104005,106493,86359.55926276467,
2025-06-16,106475,109748,105053,106224,88109.55531191369,
2025-06-23,106495,107445,103680,105228,88109.55531191369,
2025-06-30,106281,108730,105961,108429,88670.01040504481,
2025-07-07,108124,113111,106869,113001,90895.00971137515,
2025-07-14,113542,115136,110745,112950,93947.57573061681,
2025-07-21,113071,116641,112457,113052,95706.53734857569,
2025-07-28,113165,114082,109080,110258,95706.53734857569,
2025-08-04,110579,115876,110579,114881,95706.53734857569,
2025-08-11,114291,115468,112767,113943,95706.53734857569,
2025-08-18,113951,116371,110281,116236,95706.53734857569,
2025-08-25,115727,120900,114912,120371,98590.72114430997,
2025-09-01,122493,126300,122493,124697,104787.8397346893,
2025-09-08,126400,129392,123557,128838,106617.08375237667,
2025-09-15,127121,130450,125300,129838,107968.0781688849,
2025-09-22,130658,142189,130658,141889,114550.10629095923,
2025-09-29,141758,146975,140050,145744,121250.66587156196,
2025-10-06,146627,153388,143900,146466,125336.15481345782,
2025-10-13,148500,170415,148100,156604,131117.1111592273,
2025-10-20,159875,159875,143819,147470,131117.1111592273,
2025-10-27,142910,150000,139306,148287,131117.1111592273,
2025-11-03,148791,149747,144000,147728,131117.1111592273,
2025-11-10,149540,165818,149540,156018,131117.1111592273,
2025-11-17,155105,159066,150350,154151,131117.1111592273,
2025-11-24,153913,172099,152415,171637,131117.1111592273,
2025-12-01,177858,185234,175867,183408,142704.27826149517,
2025-12-08,181900,201615,180100,192851,149797.0263773955,
2025-12-15,194747,208603,194260,208439,158907.8579522358,
2025-12-22,209475,242000,209475,239787,177099.16742208676,
2025-12-29,247194,254174,222502,236316,184496.3562606143,
2026-01-05,244000,259692,236044,252725,191309.66584323999,
2026-01-12,262834,292960,260711,287762,213318.38812035733,
2026-01-19,293100,339927,293100,334699,243320.19557900017,
2026-01-27,339824,420048,265652,265652,243320.19557900017,
2026-02-02,267501,291390,225805,249892,243320.19557900017,
2026-02-09,259887,269373,234722,244360,243320.19557900017,
2026-02-16,238489,254773,226076,252944,243320.19557900017,
2026-02-23,263061,284030,253499,282644,243320.19557900017,
2026-03-02,282644,297799,257800,268285,243320.19557900017,
2026-03-09,267497,279463,254474,259435,243320.19557900017,
2026-03-16,255101,262899,214212,226772,,360952.6220471532
2026-03-23,217702,229300,199643,225635,,340628.66382009955